Initial Temperature,Cooling Rate,Markov Length,Max Iterations,Best Distance
8000,0.999,1000,11977,428.87175639203383
8000,0.999,1000,11977,428.87175639203383
8000,0.999,1000,11977,428.87175639203383
8000,0.999,1000,11977,428.87175639203383
8000,0.999,1000,11977,428.87175639203383
8000,0.999,1000,11977,428.9816471722067
8000,0.999,1000,11977,428.87175639203383
8000,0.999,1000,11977,428.87175639203383
8000,0.999,1000,11977,428.9816471722067
8000,0.999,1000,11977,429.48408067125524
8000,0.999,1000,11977,428.87175639203383
8000,0.999,1000,11977,428.87175639203383
8000,0.999,1000,11977,428.9816471722067
8000,0.999,1000,11977,429.48408067125524
8000,0.999,1000,11977,428.8717563920339
8000,0.999,1000,11977,428.87175639203383
8000,0.999,1000,11977,428.87175639203383
8000,0.999,1000,11977,428.9816471722067
8000,0.999,1000,11977,429.48408067125524
8000,0.999,1000,11977,428.8717563920339
8000,0.999,1000,11977,428.87175639203383
8000,0.999,1000,11977,428.87175639203383
8000,0.999,1000,11977,428.87175639203383
8000,0.999,1000,11977,428.9816471722067
8000,0.999,1000,11977,429.48408067125524
8000,0.999,1000,11977,428.8717563920339
8000,0.999,1000,11977,428.87175639203383
8000,0.999,1000,11977,428.87175639203383
8000,0.999,1000,11977,428.87175639203383
8000,0.999,1000,11977,428.87175639203383
8000,0.999,1000,11977,428.9816471722067
8000,0.999,1000,11977,429.48408067125524
8000,0.999,1000,11977,428.8717563920339
8000,0.999,1000,11977,428.87175639203383
8000,0.999,1000,11977,428.87175639203383
8000,0.999,1000,11977,428.9816471722068
8000,0.999,1000,11977,428.87175639203383
8000,0.999,1000,11977,428.87175639203383
8000,0.999,1000,11977,428.9816471722067
8000,0.999,1000,11977,429.48408067125524
8000,0.999,1000,11977,428.8717563920339
8000,0.999,1000,11977,428.87175639203383
8000,0.999,1000,11977,428.87175639203383
8000,0.999,1000,11977,428.9816471722068
8000,0.999,1000,11977,431.1093946413126
8000,0.999,1000,11977,428.87175639203383
8000,0.999,1000,11977,428.87175639203383
8000,0.999,1000,11977,428.9816471722067
8000,0.999,1000,11977,429.48408067125524
8000,0.999,1000,11977,428.8717563920339
8000,0.999,1000,11977,428.87175639203383
8000,0.999,1000,11977,428.87175639203383
8000,0.999,1000,11977,428.9816471722068
8000,0.999,1000,11977,431.1093946413126
8000,0.999,1000,11977,429.7371291755925
8000,0.999,1000,11977,428.87175639203383
8000,0.999,1000,11977,428.9816471722067
8000,0.999,1000,11977,429.48408067125524
8000,0.999,1000,11977,428.8717563920339
8000,0.999,1000,11977,428.87175639203383
8000,0.999,1000,11977,428.87175639203383
8000,0.999,1000,11977,428.9816471722068
8000,0.999,1000,11977,431.1093946413126
8000,0.999,1000,11977,429.7371291755925
8000,0.999,1000,11977,428.87175639203394
8000,0.999,1000,11977,428.9816471722067
8000,0.999,1000,11977,429.48408067125524
8000,0.999,1000,11977,428.8717563920339
8000,0.999,1000,11977,428.87175639203383
8000,0.999,1000,11977,428.87175639203383
8000,0.999,1000,11977,428.9816471722068
8000,0.999,1000,11977,431.1093946413126
8000,0.999,1000,11977,429.7371291755925
8000,0.999,1000,11977,428.87175639203394
8000,0.999,1000,11977,430.7464553568025
8000,0.999,1000,11977,429.48408067125524
8000,0.999,1000,11977,428.8717563920339
8000,0.999,1000,11977,428.87175639203383
8000,0.999,1000,11977,428.87175639203383
8000,0.999,1000,11977,428.9816471722068
8000,0.999,1000,11977,431.1093946413126
8000,0.999,1000,11977,429.7371291755925
8000,0.999,1000,11977,428.87175639203394
8000,0.999,1000,11977,430.7464553568025
8000,0.999,1000,11977,428.98164717220686
8000,0.999,1000,11977,428.8717563920339
8000,0.999,1000,11977,428.87175639203383
8000,0.999,1000,11977,428.87175639203383
8000,0.999,1000,11977,428.9816471722068
8000,0.999,1000,11977,431.1093946413126
8000,0.999,1000,11977,429.7371291755925
8000,0.999,1000,11977,428.87175639203394
8000,0.999,1000,11977,430.7464553568025
8000,0.999,1000,11977,428.98164717220686
8000,0.999,1000,11977,429.53028334169977
8000,0.999,1000,11977,428.87175639203383
8000,0.999,1000,11977,428.87175639203383
8000,0.999,1000,11977,428.9816471722068
8000,0.999,1000,11977,431.1093946413126
8000,0.999,1000,11977,429.7371291755925
8000,0.999,1000,11977,428.87175639203394
8000,0.999,1000,11977,430.7464553568025
8000,0.999,1000,11977,428.98164717220686
8000,0.999,1000,11977,429.53028334169977
8000,0.999,1000,11977,428.9816471722068
8000,0.999,1000,11977,428.87175639203383
8000,0.999,1000,11977,428.9816471722068
8000,0.999,1000,11977,431.1093946413126
8000,0.999,1000,11977,429.7371291755925
8000,0.999,1000,11977,428.87175639203394
8000,0.999,1000,11977,430.7464553568025
8000,0.999,1000,11977,428.98164717220686
8000,0.999,1000,11977,429.53028334169977
8000,0.999,1000,11977,428.9816471722068
8000,0.999,1000,11977,430.6116042178294
8000,0.999,1000,11977,428.9816471722068
8000,0.999,1000,11977,431.1093946413126
8000,0.999,1000,11977,429.7371291755925
8000,0.999,1000,11977,428.87175639203394
8000,0.999,1000,11977,430.7464553568025
8000,0.999,1000,11977,428.98164717220686
8000,0.999,1000,11977,429.53028334169977
8000,0.999,1000,11977,428.9816471722068
8000,0.999,1000,11977,430.6116042178294
8000,0.999,1000,11977,428.9816471722067
8000,0.999,1000,11977,431.1093946413126
8000,0.999,1000,11977,429.7371291755925
8000,0.999,1000,11977,428.87175639203394
8000,0.999,1000,11977,430.7464553568025
8000,0.999,1000,11977,428.98164717220686
8000,0.999,1000,11977,429.53028334169977
8000,0.999,1000,11977,428.9816471722068
8000,0.999,1000,11977,430.6116042178294
8000,0.999,1000,11977,428.9816471722067
8000,0.999,1000,11977,428.9816471722067
8000,0.999,1000,11977,429.7371291755925
8000,0.999,1000,11977,428.87175639203394
8000,0.999,1000,11977,430.7464553568025
8000,0.999,1000,11977,428.98164717220686
8000,0.999,1000,11977,429.53028334169977
8000,0.999,1000,11977,428.9816471722068
8000,0.999,1000,11977,430.6116042178294
8000,0.999,1000,11977,428.9816471722067
8000,0.999,1000,11977,428.9816471722067
8000,0.999,1000,11977,428.9816471722068
8000,0.999,1000,11977,428.87175639203394
8000,0.999,1000,11977,430.7464553568025
8000,0.999,1000,11977,428.98164717220686
8000,0.999,1000,11977,429.53028334169977
8000,0.999,1000,11977,428.9816471722068
8000,0.999,1000,11977,430.6116042178294
8000,0.999,1000,11977,428.9816471722067
8000,0.999,1000,11977,428.9816471722067
8000,0.999,1000,11977,428.9816471722068
8000,0.999,1000,11977,428.87175639203394
8000,0.999,1000,11977,430.7464553568025
8000,0.999,1000,11977,428.98164717220686
8000,0.999,1000,11977,429.53028334169977
8000,0.999,1000,11977,428.9816471722068
8000,0.999,1000,11977,430.6116042178294
8000,0.999,1000,11977,428.9816471722067
8000,0.999,1000,11977,428.9816471722067
8000,0.999,1000,11977,428.9816471722068
8000,0.999,1000,11977,428.87175639203394
8000,0.999,1000,11977,431.3213824519504
8000,0.999,1000,11977,428.98164717220686
8000,0.999,1000,11977,429.53028334169977
8000,0.999,1000,11977,428.9816471722068
8000,0.999,1000,11977,430.6116042178294
8000,0.999,1000,11977,428.9816471722067
8000,0.999,1000,11977,428.9816471722067
8000,0.999,1000,11977,428.9816471722068
8000,0.999,1000,11977,428.87175639203394
8000,0.999,1000,11977,431.3213824519504
8000,0.999,1000,11977,428.9816471722067
8000,0.999,1000,11977,429.53028334169977
8000,0.999,1000,11977,428.9816471722068
8000,0.999,1000,11977,430.6116042178294
8000,0.999,1000,11977,428.9816471722067
8000,0.999,1000,11977,428.9816471722067
8000,0.999,1000,11977,428.9816471722068
8000,0.999,1000,11977,428.87175639203394
8000,0.999,1000,11977,431.3213824519504
8000,0.999,1000,11977,428.9816471722067
8000,0.999,1000,11977,428.9816471722068
8000,0.999,1000,11977,428.9816471722068
8000,0.999,1000,11977,430.6116042178294
8000,0.999,1000,11977,428.9816471722067
8000,0.999,1000,11977,428.9816471722067
8000,0.999,1000,11977,428.9816471722068
8000,0.999,1000,11977,428.87175639203394
8000,0.999,1000,11977,431.3213824519504
8000,0.999,1000,11977,428.9816471722067
8000,0.999,1000,11977,428.9816471722068
8000,0.999,1000,11977,431.0380189008111
8000,0.999,1000,11977,430.6116042178294
8000,0.999,1000,11977,428.9816471722067
8000,0.999,1000,11977,428.9816471722067
8000,0.999,1000,11977,428.9816471722068
8000,0.999,1000,11977,428.87175639203394
8000,0.999,1000,11977,431.3213824519504
8000,0.999,1000,11977,428.9816471722067
8000,0.999,1000,11977,428.9816471722068
8000,0.999,1000,11977,431.0380189008111
8000,0.999,1000,11977,428.87175639203383
8000,0.999,1000,11977,428.9816471722067
8000,0.999,1000,11977,428.9816471722067
8000,0.999,1000,11977,428.9816471722068
8000,0.999,1000,11977,428.87175639203394
8000,0.999,1000,11977,431.3213824519504
8000,0.999,1000,11977,428.9816471722067
8000,0.999,1000,11977,428.9816471722068
8000,0.999,1000,11977,431.0380189008111
8000,0.999,1000,11977,428.87175639203383
8000,0.999,1000,11977,429.5302833416998
8000,0.999,1000,11977,428.9816471722067
8000,0.999,1000,11977,428.9816471722068
8000,0.999,1000,11977,428.87175639203394
8000,0.999,1000,11977,431.3213824519504
8000,0.999,1000,11977,428.9816471722067
8000,0.999,1000,11977,428.9816471722068
8000,0.999,1000,11977,431.0380189008111
8000,0.999,1000,11977,428.87175639203383
8000,0.999,1000,11977,429.5302833416998
8000,0.999,1000,11977,428.9816471722067
8000,0.999,1000,11977,428.9816471722068
8000,0.999,1000,11977,428.87175639203394
8000,0.999,1000,11977,431.3213824519504
8000,0.999,1000,11977,428.9816471722067
8000,0.999,1000,11977,428.9816471722068
8000,0.999,1000,11977,431.0380189008111
8000,0.999,1000,11977,428.87175639203383
8000,0.999,1000,11977,429.5302833416998
8000,0.999,1000,11977,428.9816471722067
8000,0.999,1000,11977,429.1179391998254
8000,0.999,1000,11977,428.87175639203394
8000,0.999,1000,11977,431.3213824519504
8000,0.999,1000,11977,428.9816471722067
8000,0.999,1000,11977,428.9816471722068
8000,0.999,1000,11977,431.0380189008111
8000,0.999,1000,11977,428.87175639203383
8000,0.999,1000,11977,429.5302833416998
8000,0.999,1000,11977,428.9816471722067
8000,0.999,1000,11977,429.1179391998254
8000,0.999,1000,11977,428.9816471722067
8000,0.999,1000,11977,431.3213824519504
8000,0.999,1000,11977,428.9816471722067
8000,0.999,1000,11977,428.9816471722068
8000,0.999,1000,11977,431.0380189008111
8000,0.999,1000,11977,428.87175639203383
8000,0.999,1000,11977,429.5302833416998
8000,0.999,1000,11977,428.9816471722067
8000,0.999,1000,11977,429.1179391998254
8000,0.999,1000,11977,428.9816471722067
8000,0.999,1000,11977,429.1179391998254
8000,0.999,1000,11977,428.9816471722067
8000,0.999,1000,11977,428.9816471722068
8000,0.999,1000,11977,431.0380189008111
8000,0.999,1000,11977,428.87175639203383
8000,0.999,1000,11977,429.5302833416998
8000,0.999,1000,11977,428.9816471722067
8000,0.999,1000,11977,429.1179391998254
8000,0.999,1000,11977,428.9816471722067
8000,0.999,1000,11977,429.1179391998254
8000,0.999,1000,11977,428.9816471722067
8000,0.999,1000,11977,428.9816471722068
8000,0.999,1000,11977,431.0380189008111
8000,0.999,1000,11977,428.87175639203383
8000,0.999,1000,11977,429.5302833416998
8000,0.999,1000,11977,428.9816471722067
8000,0.999,1000,11977,429.1179391998254
8000,0.999,1000,11977,428.9816471722067
8000,0.999,1000,11977,429.1179391998254
8000,0.999,1000,11977,428.9816471722067
8000,0.999,1000,11977,429.4840806712553
8000,0.999,1000,11977,431.0380189008111
8000,0.999,1000,11977,428.87175639203383
8000,0.999,1000,11977,429.5302833416998
8000,0.999,1000,11977,428.9816471722067
8000,0.999,1000,11977,429.1179391998254
8000,0.999,1000,11977,428.9816471722067
8000,0.999,1000,11977,429.1179391998254
8000,0.999,1000,11977,428.9816471722067
8000,0.999,1000,11977,429.4840806712553
8000,0.999,1000,11977,428.9816471722067
8000,0.999,1000,11977,428.87175639203383
8000,0.999,1000,11977,429.5302833416998
8000,0.999,1000,11977,428.9816471722067
8000,0.999,1000,11977,429.1179391998254
8000,0.999,1000,11977,428.9816471722067
8000,0.999,1000,11977,429.1179391998254
8000,0.999,1000,11977,428.9816471722067
8000,0.999,1000,11977,429.4840806712553
8000,0.999,1000,11977,428.9816471722067
8000,0.999,1000,11977,428.9816471722068
8000,0.999,1000,11977,429.5302833416998
8000,0.999,1000,11977,428.9816471722067
8000,0.999,1000,11977,429.1179391998254
8000,0.999,1000,11977,428.9816471722067
8000,0.999,1000,11977,429.1179391998254
8000,0.999,1000,11977,428.9816471722067
8000,0.999,1000,11977,429.4840806712553
8000,0.999,1000,11977,428.9816471722067
8000,0.999,1000,11977,428.9816471722068
8000,0.999,1000,11977,430.61160421782944
8000,0.999,1000,11977,428.9816471722067
8000,0.999,1000,11977,429.1179391998254
8000,0.999,1000,11977,428.9816471722067
8000,0.999,1000,11977,429.1179391998254
8000,0.999,1000,11977,428.9816471722067
8000,0.999,1000,11977,429.4840806712553
8000,0.999,1000,11977,428.9816471722067
8000,0.999,1000,11977,428.9816471722068
8000,0.999,1000,11977,430.61160421782944
8000,0.999,1000,11977,428.87175639203394
8000,0.999,1000,11977,429.1179391998254
8000,0.999,1000,11977,428.9816471722067
8000,0.999,1000,11977,429.1179391998254
8000,0.999,1000,11977,428.9816471722067
8000,0.999,1000,11977,429.4840806712553
8000,0.999,1000,11977,428.9816471722067
8000,0.999,1000,11977,428.9816471722068
8000,0.999,1000,11977,430.61160421782944
8000,0.999,1000,11977,428.87175639203394
8000,0.999,1000,11977,428.9816471722068
8000,0.999,1000,11977,428.9816471722067
8000,0.999,1000,11977,429.1179391998254
8000,0.999,1000,11977,428.9816471722067
8000,0.999,1000,11977,429.4840806712553
8000,0.999,1000,11977,428.9816471722067
8000,0.999,1000,11977,428.9816471722068
8000,0.999,1000,11977,430.61160421782944
8000,0.999,1000,11977,428.87175639203394
8000,0.999,1000,11977,428.9816471722068
8000,0.999,1000,11977,428.9816471722067
8000,0.999,1000,11977,429.1179391998254
8000,0.999,1000,11977,428.9816471722067
8000,0.999,1000,11977,429.4840806712553
8000,0.999,1000,11977,428.9816471722067
8000,0.999,1000,11977,428.9816471722068
8000,0.999,1000,11977,430.61160421782944
8000,0.999,1000,11977,428.87175639203394
8000,0.999,1000,11977,428.9816471722068
8000,0.999,1000,11977,428.9816471722067
8000,0.999,1000,11977,430.44549969787477
8000,0.999,1000,11977,428.9816471722067
8000,0.999,1000,11977,429.4840806712553
8000,0.999,1000,11977,428.9816471722067
8000,0.999,1000,11977,428.9816471722068
8000,0.999,1000,11977,430.61160421782944
8000,0.999,1000,11977,428.87175639203394
8000,0.999,1000,11977,428.9816471722068
8000,0.999,1000,11977,428.9816471722067
8000,0.999,1000,11977,430.44549969787477
8000,0.999,1000,11977,428.9816471722068
8000,0.999,1000,11977,429.4840806712553
8000,0.999,1000,11977,428.9816471722067
8000,0.999,1000,11977,428.9816471722068
8000,0.999,1000,11977,430.61160421782944
8000,0.999,1000,11977,428.87175639203394
8000,0.999,1000,11977,428.9816471722068
8000,0.999,1000,11977,428.9816471722067
8000,0.999,1000,11977,430.44549969787477
8000,0.999,1000,11977,428.9816471722068
8000,0.999,1000,11977,428.9816471722068
8000,0.999,1000,11977,428.9816471722067
8000,0.999,1000,11977,428.9816471722068
8000,0.999,1000,11977,430.61160421782944
8000,0.999,1000,11977,428.87175639203394
8000,0.999,1000,11977,428.9816471722068
8000,0.999,1000,11977,428.9816471722067
8000,0.999,1000,11977,430.44549969787477
8000,0.999,1000,11977,428.9816471722068
8000,0.999,1000,11977,428.9816471722068
8000,0.999,1000,11977,428.87175639203383
8000,0.999,1000,11977,428.9816471722068
8000,0.999,1000,11977,430.61160421782944
8000,0.999,1000,11977,428.87175639203394
8000,0.999,1000,11977,428.9816471722068
8000,0.999,1000,11977,428.9816471722067
8000,0.999,1000,11977,430.44549969787477
8000,0.999,1000,11977,428.9816471722068
8000,0.999,1000,11977,428.9816471722068
8000,0.999,1000,11977,428.87175639203383
8000,0.999,1000,11977,430.24402185775403
8000,0.999,1000,11977,430.61160421782944
8000,0.999,1000,11977,428.87175639203394
8000,0.999,1000,11977,428.9816471722068
8000,0.999,1000,11977,428.9816471722067
8000,0.999,1000,11977,430.44549969787477
8000,0.999,1000,11977,428.9816471722068
8000,0.999,1000,11977,428.9816471722068
8000,0.999,1000,11977,428.87175639203383
8000,0.999,1000,11977,430.24402185775403
8000,0.999,1000,11977,428.87175639203383
8000,0.999,1000,11977,428.87175639203394
8000,0.999,1000,11977,428.9816471722068
8000,0.999,1000,11977,428.9816471722067
8000,0.999,1000,11977,430.44549969787477
8000,0.999,1000,11977,428.9816471722068
8000,0.999,1000,11977,428.9816471722068
8000,0.999,1000,11977,428.87175639203383
8000,0.999,1000,11977,430.24402185775403
8000,0.999,1000,11977,428.87175639203383
8000,0.999,1000,11977,429.5302833416999
8000,0.999,1000,11977,428.9816471722068
8000,0.999,1000,11977,428.9816471722067
8000,0.999,1000,11977,430.44549969787477
8000,0.999,1000,11977,428.9816471722068
8000,0.999,1000,11977,428.9816471722068
8000,0.999,1000,11977,428.87175639203383
8000,0.999,1000,11977,430.24402185775403
8000,0.999,1000,11977,428.87175639203383
8000,0.999,1000,11977,429.5302833416999
8000,0.999,1000,11977,430.244021857754
8000,0.999,1000,11977,428.9816471722067
8000,0.999,1000,11977,430.44549969787477
8000,0.999,1000,11977,428.9816471722068
8000,0.999,1000,11977,428.9816471722068
8000,0.999,1000,11977,428.87175639203383
8000,0.999,1000,11977,430.24402185775403
8000,0.999,1000,11977,428.87175639203383
8000,0.999,1000,11977,429.5302833416999
8000,0.999,1000,11977,430.244021857754
8000,0.999,1000,11977,430.89035660275454
8000,0.999,1000,11977,430.44549969787477
8000,0.999,1000,11977,428.9816471722068
8000,0.999,1000,11977,428.9816471722068
8000,0.999,1000,11977,428.87175639203383
8000,0.999,1000,11977,430.24402185775403
8000,0.999,1000,11977,428.87175639203383
8000,0.999,1000,11977,429.5302833416999
8000,0.999,1000,11977,430.244021857754
8000,0.999,1000,11977,430.89035660275454
8000,0.999,1000,11977,428.98164717220686
8000,0.999,1000,11977,428.9816471722068
8000,0.999,1000,11977,428.9816471722068
8000,0.999,1000,11977,428.87175639203383
8000,0.999,1000,11977,430.24402185775403
8000,0.999,1000,11977,428.87175639203383
8000,0.999,1000,11977,429.5302833416999
8000,0.999,1000,11977,430.244021857754
8000,0.999,1000,11977,430.89035660275454
8000,0.999,1000,11977,428.98164717220686
8000,0.999,1000,11977,428.87175639203383
8000,0.999,1000,11977,428.9816471722068
8000,0.999,1000,11977,428.87175639203383
8000,0.999,1000,11977,430.24402185775403
8000,0.999,1000,11977,428.87175639203383
8000,0.999,1000,11977,429.5302833416999
8000,0.999,1000,11977,430.244021857754
8000,0.999,1000,11977,430.89035660275454
8000,0.999,1000,11977,428.98164717220686
8000,0.999,1000,11977,428.87175639203383
8000,0.999,1000,11977,431.6438016898271
8000,0.999,1000,11977,428.87175639203383
8000,0.999,1000,11977,430.24402185775403
8000,0.999,1000,11977,428.87175639203383
8000,0.999,1000,11977,429.5302833416999
8000,0.999,1000,11977,430.244021857754
8000,0.999,1000,11977,430.89035660275454
8000,0.999,1000,11977,428.98164717220686
8000,0.999,1000,11977,428.87175639203383
8000,0.999,1000,11977,431.6438016898271
8000,0.999,1000,11977,430.86061990557937
8000,0.999,1000,11977,430.24402185775403
8000,0.999,1000,11977,428.87175639203383
8000,0.999,1000,11977,429.5302833416999
8000,0.999,1000,11977,430.244021857754
8000,0.999,1000,11977,430.89035660275454
8000,0.999,1000,11977,428.98164717220686
8000,0.999,1000,11977,428.87175639203383
8000,0.999,1000,11977,431.6438016898271
8000,0.999,1000,11977,430.86061990557937
8000,0.999,1000,11977,429.48408067125524
8000,0.999,1000,11977,428.87175639203383
8000,0.999,1000,11977,429.5302833416999
8000,0.999,1000,11977,430.244021857754
8000,0.999,1000,11977,430.89035660275454
8000,0.999,1000,11977,428.98164717220686
8000,0.999,1000,11977,428.87175639203383
8000,0.999,1000,11977,431.6438016898271
8000,0.999,1000,11977,430.86061990557937
8000,0.999,1000,11977,429.48408067125524
8000,0.999,1000,11977,430.244021857754
8000,0.999,1000,11977,429.5302833416999
8000,0.999,1000,11977,430.244021857754
8000,0.999,1000,11977,430.89035660275454
8000,0.999,1000,11977,428.98164717220686
8000,0.999,1000,11977,428.87175639203383
8000,0.999,1000,11977,431.6438016898271
8000,0.999,1000,11977,430.86061990557937
8000,0.999,1000,11977,429.48408067125524
8000,0.999,1000,11977,430.244021857754
8000,0.999,1000,11977,429.1179391998255
8000,0.999,1000,11977,430.244021857754
8000,0.999,1000,11977,430.89035660275454
8000,0.999,1000,11977,428.98164717220686
8000,0.999,1000,11977,428.87175639203383
8000,0.999,1000,11977,431.6438016898271
8000,0.999,1000,11977,430.86061990557937
8000,0.999,1000,11977,429.48408067125524
8000,0.999,1000,11977,430.244021857754
8000,0.999,1000,11977,429.1179391998255
8000,0.999,1000,11977,428.87175639203383
8000,0.999,1000,11977,430.89035660275454
8000,0.999,1000,11977,428.98164717220686
8000,0.999,1000,11977,428.87175639203383
8000,0.999,1000,11977,431.6438016898271
8000,0.999,1000,11977,430.86061990557937
8000,0.999,1000,11977,429.48408067125524
8000,0.999,1000,11977,430.244021857754
8000,0.999,1000,11977,429.1179391998255
8000,0.999,1000,11977,428.87175639203383
8000,0.999,1000,11977,428.8717563920339
8000,0.999,1000,11977,428.98164717220686
8000,0.999,1000,11977,428.87175639203383
8000,0.999,1000,11977,431.6438016898271
8000,0.999,1000,11977,430.86061990557937
8000,0.999,1000,11977,429.48408067125524
8000,0.999,1000,11977,430.244021857754
8000,0.999,1000,11977,429.1179391998255
8000,0.999,1000,11977,428.87175639203383
8000,0.999,1000,11977,428.8717563920339
8000,0.999,1000,11977,428.87175639203394
8000,0.999,1000,11977,428.87175639203383
8000,0.999,1000,11977,431.6438016898271
8000,0.999,1000,11977,430.86061990557937
8000,0.999,1000,11977,429.48408067125524
8000,0.999,1000,11977,430.244021857754
8000,0.999,1000,11977,429.1179391998255
8000,0.999,1000,11977,428.87175639203383
8000,0.999,1000,11977,428.8717563920339
8000,0.999,1000,11977,428.87175639203394
8000,0.999,1000,11977,432.58909203804683
8000,0.999,1000,11977,431.6438016898271
8000,0.999,1000,11977,430.86061990557937
8000,0.999,1000,11977,429.48408067125524
8000,0.999,1000,11977,430.244021857754
8000,0.999,1000,11977,429.1179391998255
8000,0.999,1000,11977,428.87175639203383
8000,0.999,1000,11977,428.8717563920339
8000,0.999,1000,11977,428.87175639203394
8000,0.999,1000,11977,432.58909203804683
8000,0.999,1000,11977,428.8717563920339
8000,0.999,1000,11977,430.86061990557937
8000,0.999,1000,11977,429.48408067125524
8000,0.999,1000,11977,430.244021857754
8000,0.999,1000,11977,429.1179391998255
8000,0.999,1000,11977,428.87175639203383
8000,0.999,1000,11977,428.8717563920339
8000,0.999,1000,11977,428.87175639203394
8000,0.999,1000,11977,432.58909203804683
8000,0.999,1000,11977,428.8717563920339
8000,0.999,1000,11977,430.24402185775403
8000,0.999,1000,11977,429.48408067125524
8000,0.999,1000,11977,430.244021857754
8000,0.999,1000,11977,429.1179391998255
8000,0.999,1000,11977,428.87175639203383
8000,0.999,1000,11977,428.8717563920339
8000,0.999,1000,11977,428.87175639203394
8000,0.999,1000,11977,432.58909203804683
8000,0.999,1000,11977,428.8717563920339
8000,0.999,1000,11977,430.24402185775403
8000,0.999,1000,11977,428.87175639203383
8000,0.999,1000,11977,430.244021857754
8000,0.999,1000,11977,429.1179391998255
8000,0.999,1000,11977,428.87175639203383
8000,0.999,1000,11977,428.8717563920339
8000,0.999,1000,11977,428.87175639203394
8000,0.999,1000,11977,432.58909203804683
8000,0.999,1000,11977,428.8717563920339
8000,0.999,1000,11977,430.24402185775403
8000,0.999,1000,11977,428.87175639203383
8000,0.999,1000,11977,428.98164717220675
8000,0.999,1000,11977,429.1179391998255
8000,0.999,1000,11977,428.87175639203383
8000,0.999,1000,11977,428.8717563920339
8000,0.999,1000,11977,428.87175639203394
8000,0.999,1000,11977,432.58909203804683
8000,0.999,1000,11977,428.8717563920339
8000,0.999,1000,11977,430.24402185775403
8000,0.999,1000,11977,428.87175639203383
8000,0.999,1000,11977,428.98164717220675
8000,0.999,1000,11977,428.87175639203383
8000,0.999,1000,11977,428.87175639203383
8000,0.999,1000,11977,428.8717563920339
8000,0.999,1000,11977,428.87175639203394
8000,0.999,1000,11977,432.58909203804683
8000,0.999,1000,11977,428.8717563920339
8000,0.999,1000,11977,430.24402185775403
8000,0.999,1000,11977,428.87175639203383
8000,0.999,1000,11977,428.98164717220675
8000,0.999,1000,11977,428.87175639203383
8000,0.999,1000,11977,428.87175639203383
8000,0.999,1000,11977,428.8717563920339
8000,0.999,1000,11977,428.87175639203394
8000,0.999,1000,11977,432.58909203804683
8000,0.999,1000,11977,428.8717563920339
8000,0.999,1000,11977,430.24402185775403
8000,0.999,1000,11977,428.87175639203383
8000,0.999,1000,11977,428.98164717220675
8000,0.999,1000,11977,428.87175639203383
8000,0.999,1000,11977,428.87175639203383
8000,0.999,1000,11977,431.50336537543257
8000,0.999,1000,11977,428.87175639203394
8000,0.999,1000,11977,432.58909203804683
8000,0.999,1000,11977,428.8717563920339
8000,0.999,1000,11977,430.24402185775403
8000,0.999,1000,11977,428.87175639203383
8000,0.999,1000,11977,428.98164717220675
8000,0.999,1000,11977,428.87175639203383
8000,0.999,1000,11977,428.87175639203383
8000,0.999,1000,11977,431.50336537543257
8000,0.999,1000,11977,429.4840806712553
8000,0.999,1000,11977,432.58909203804683
8000,0.999,1000,11977,428.8717563920339
8000,0.999,1000,11977,430.24402185775403
8000,0.999,1000,11977,428.87175639203383
8000,0.999,1000,11977,428.98164717220675
8000,0.999,1000,11977,428.87175639203383
8000,0.999,1000,11977,428.87175639203383
8000,0.999,1000,11977,431.50336537543257
8000,0.999,1000,11977,429.4840806712553
8000,0.999,1000,11977,429.48408067125524
8000,0.999,1000,11977,428.8717563920339
8000,0.999,1000,11977,430.24402185775403
8000,0.999,1000,11977,428.87175639203383
8000,0.999,1000,11977,428.98164717220675
8000,0.999,1000,11977,428.87175639203383
8000,0.999,1000,11977,428.87175639203383
8000,0.999,1000,11977,431.50336537543257
8000,0.999,1000,11977,429.4840806712553
8000,0.999,1000,11977,429.48408067125524
8000,0.999,1000,11977,429.5302833416998
8000,0.999,1000,11977,430.24402185775403
8000,0.999,1000,11977,428.87175639203383
8000,0.999,1000,11977,428.98164717220675
8000,0.999,1000,11977,428.87175639203383
8000,0.999,1000,11977,428.87175639203383
8000,0.999,1000,11977,431.50336537543257
8000,0.999,1000,11977,429.4840806712553
8000,0.999,1000,11977,429.48408067125524
8000,0.999,1000,11977,429.5302833416998
8000,0.999,1000,11977,429.5302833416998
8000,0.999,1000,11977,428.87175639203383
8000,0.999,1000,11977,428.98164717220675
8000,0.999,1000,11977,428.87175639203383
8000,0.999,1000,11977,428.87175639203383
8000,0.999,1000,11977,431.50336537543257
8000,0.999,1000,11977,429.4840806712553
8000,0.999,1000,11977,429.48408067125524
8000,0.999,1000,11977,429.5302833416998
8000,0.999,1000,11977,429.5302833416998
8000,0.999,1000,11977,430.7464553568025
8000,0.999,1000,11977,428.98164717220675
8000,0.999,1000,11977,428.87175639203383
8000,0.999,1000,11977,428.87175639203383
8000,0.999,1000,11977,431.50336537543257
8000,0.999,1000,11977,429.4840806712553
8000,0.999,1000,11977,429.48408067125524
8000,0.999,1000,11977,429.5302833416998
8000,0.999,1000,11977,429.5302833416998
8000,0.999,1000,11977,430.7464553568025
8000,0.999,1000,11977,431.1037051741555
8000,0.999,1000,11977,428.87175639203383
8000,0.999,1000,11977,428.87175639203383
8000,0.999,1000,11977,431.50336537543257
8000,0.999,1000,11977,429.4840806712553
8000,0.999,1000,11977,429.48408067125524
8000,0.999,1000,11977,429.5302833416998
8000,0.999,1000,11977,429.5302833416998
8000,0.999,1000,11977,430.7464553568025
8000,0.999,1000,11977,431.1037051741555
8000,0.999,1000,11977,431.82381595099895
8000,0.999,1000,11977,428.87175639203383
8000,0.999,1000,11977,431.50336537543257
8000,0.999,1000,11977,429.4840806712553
8000,0.999,1000,11977,429.48408067125524
8000,0.999,1000,11977,429.5302833416998
8000,0.999,1000,11977,429.5302833416998
8000,0.999,1000,11977,430.7464553568025
8000,0.999,1000,11977,431.1037051741555
8000,0.999,1000,11977,431.82381595099895
8000,0.999,1000,11977,430.7464553568026
8000,0.999,1000,11977,431.50336537543257
8000,0.999,1000,11977,429.4840806712553
8000,0.999,1000,11977,429.48408067125524
8000,0.999,1000,11977,429.5302833416998
8000,0.999,1000,11977,429.5302833416998
8000,0.999,1000,11977,430.7464553568025
8000,0.999,1000,11977,431.1037051741555
8000,0.999,1000,11977,431.82381595099895
8000,0.999,1000,11977,430.7464553568026
8000,0.999,1000,11977,428.8717563920339
8000,0.999,1000,11977,429.4840806712553
8000,0.999,1000,11977,429.48408067125524
8000,0.999,1000,11977,429.5302833416998
8000,0.999,1000,11977,429.5302833416998
8000,0.999,1000,11977,430.7464553568025
8000,0.999,1000,11977,431.1037051741555
8000,0.999,1000,11977,431.82381595099895
8000,0.999,1000,11977,430.7464553568026
8000,0.999,1000,11977,428.8717563920339
8000,0.999,1000,11977,429.53028334169977
8000,0.999,1000,11977,429.48408067125524
8000,0.999,1000,11977,429.5302833416998
8000,0.999,1000,11977,429.5302833416998
8000,0.999,1000,11977,430.7464553568025
8000,0.999,1000,11977,431.1037051741555
8000,0.999,1000,11977,431.82381595099895
8000,0.999,1000,11977,430.7464553568026
8000,0.999,1000,11977,428.8717563920339
8000,0.999,1000,11977,429.53028334169977
8000,0.999,1000,11977,431.5033653754327
8000,0.999,1000,11977,429.5302833416998
8000,0.999,1000,11977,429.5302833416998
8000,0.999,1000,11977,430.7464553568025
8000,0.999,1000,11977,431.1037051741555
8000,0.999,1000,11977,431.82381595099895
8000,0.999,1000,11977,430.7464553568026
8000,0.999,1000,11977,428.8717563920339
8000,0.999,1000,11977,429.53028334169977
8000,0.999,1000,11977,431.5033653754327
8000,0.999,1000,11977,428.87175639203383
8000,0.999,1000,11977,429.5302833416998
8000,0.999,1000,11977,430.7464553568025
8000,0.999,1000,11977,431.1037051741555
8000,0.999,1000,11977,431.82381595099895
8000,0.999,1000,11977,430.7464553568026
8000,0.999,1000,11977,428.8717563920339
8000,0.999,1000,11977,429.53028334169977
8000,0.999,1000,11977,431.5033653754327
8000,0.999,1000,11977,428.87175639203383
8000,0.999,1000,11977,428.9816471722068
8000,0.999,1000,11977,430.7464553568025
8000,0.999,1000,11977,431.1037051741555
8000,0.999,1000,11977,431.82381595099895
8000,0.999,1000,11977,430.7464553568026
8000,0.999,1000,11977,428.8717563920339
8000,0.999,1000,11977,429.53028334169977
8000,0.999,1000,11977,431.5033653754327
8000,0.999,1000,11977,428.87175639203383
8000,0.999,1000,11977,428.9816471722068
8000,0.999,1000,11977,428.87175639203394
8000,0.999,1000,11977,431.1037051741555
8000,0.999,1000,11977,431.82381595099895
8000,0.999,1000,11977,430.7464553568026
8000,0.999,1000,11977,428.8717563920339
8000,0.999,1000,11977,429.53028334169977
8000,0.999,1000,11977,431.5033653754327
8000,0.999,1000,11977,428.87175639203383
8000,0.999,1000,11977,428.9816471722068
8000,0.999,1000,11977,428.87175639203394
8000,0.999,1000,11977,428.87175639203394
8000,0.999,1000,11977,431.82381595099895
8000,0.999,1000,11977,430.7464553568026
8000,0.999,1000,11977,428.8717563920339
8000,0.999,1000,11977,429.53028334169977
8000,0.999,1000,11977,431.5033653754327
8000,0.999,1000,11977,428.87175639203383
8000,0.999,1000,11977,428.9816471722068
8000,0.999,1000,11977,428.87175639203394
8000,0.999,1000,11977,428.87175639203394
8000,0.999,1000,11977,429.53028334169977
8000,0.999,1000,11977,430.7464553568026
8000,0.999,1000,11977,428.8717563920339
8000,0.999,1000,11977,429.53028334169977
8000,0.999,1000,11977,431.5033653754327
8000,0.999,1000,11977,428.87175639203383
8000,0.999,1000,11977,428.9816471722068
8000,0.999,1000,11977,428.87175639203394
8000,0.999,1000,11977,428.87175639203394
8000,0.999,1000,11977,429.53028334169977
8000,0.999,1000,11977,430.244021857754
8000,0.999,1000,11977,428.8717563920339
8000,0.999,1000,11977,429.53028334169977
8000,0.999,1000,11977,431.5033653754327
8000,0.999,1000,11977,428.87175639203383
8000,0.999,1000,11977,428.9816471722068
8000,0.999,1000,11977,428.87175639203394
8000,0.999,1000,11977,428.87175639203394
8000,0.999,1000,11977,429.53028334169977
8000,0.999,1000,11977,430.244021857754
8000,0.999,1000,11977,428.9816471722068
8000,0.999,1000,11977,429.53028334169977
8000,0.999,1000,11977,431.5033653754327
8000,0.999,1000,11977,428.87175639203383
8000,0.999,1000,11977,428.9816471722068
8000,0.999,1000,11977,428.87175639203394
8000,0.999,1000,11977,428.87175639203394
8000,0.999,1000,11977,429.53028334169977
8000,0.999,1000,11977,430.244021857754
8000,0.999,1000,11977,428.9816471722068
8000,0.999,1000,11977,429.48408067125524
8000,0.999,1000,11977,431.5033653754327
8000,0.999,1000,11977,428.87175639203383
8000,0.999,1000,11977,428.9816471722068
8000,0.999,1000,11977,428.87175639203394
8000,0.999,1000,11977,428.87175639203394
8000,0.999,1000,11977,429.53028334169977
8000,0.999,1000,11977,430.244021857754
8000,0.999,1000,11977,428.9816471722068
8000,0.999,1000,11977,429.48408067125524
8000,0.999,1000,11977,428.98164717220675
8000,0.999,1000,11977,428.87175639203383
8000,0.999,1000,11977,428.9816471722068
8000,0.999,1000,11977,428.87175639203394
8000,0.999,1000,11977,428.87175639203394
8000,0.999,1000,11977,429.53028334169977
8000,0.999,1000,11977,430.244021857754
8000,0.999,1000,11977,428.9816471722068
8000,0.999,1000,11977,429.48408067125524
8000,0.999,1000,11977,428.98164717220675
8000,0.999,1000,11977,429.11793919982534
8000,0.999,1000,11977,428.9816471722068
8000,0.999,1000,11977,428.87175639203394
8000,0.999,1000,11977,428.87175639203394
8000,0.999,1000,11977,429.53028334169977
8000,0.999,1000,11977,430.244021857754
8000,0.999,1000,11977,428.9816471722068
8000,0.999,1000,11977,429.48408067125524
8000,0.999,1000,11977,428.98164717220675
8000,0.999,1000,11977,429.11793919982534
8000,0.999,1000,11977,429.5302833416998
8000,0.999,1000,11977,428.87175639203394
8000,0.999,1000,11977,428.87175639203394
8000,0.999,1000,11977,429.53028334169977
8000,0.999,1000,11977,430.244021857754
8000,0.999,1000,11977,428.9816471722068
8000,0.999,1000,11977,429.48408067125524
8000,0.999,1000,11977,428.98164717220675
8000,0.999,1000,11977,429.11793919982534
8000,0.999,1000,11977,429.5302833416998
8000,0.999,1000,11977,428.8717563920339
8000,0.999,1000,11977,428.87175639203394
8000,0.999,1000,11977,429.53028334169977
8000,0.999,1000,11977,430.244021857754
8000,0.999,1000,11977,428.9816471722068
8000,0.999,1000,11977,429.48408067125524
8000,0.999,1000,11977,428.98164717220675
8000,0.999,1000,11977,429.11793919982534
8000,0.999,1000,11977,429.5302833416998
8000,0.999,1000,11977,428.8717563920339
8000,0.999,1000,11977,428.98164717220675
8000,0.999,1000,11977,429.53028334169977
8000,0.999,1000,11977,430.244021857754
8000,0.999,1000,11977,428.9816471722068
8000,0.999,1000,11977,429.48408067125524
8000,0.999,1000,11977,428.98164717220675
8000,0.999,1000,11977,429.11793919982534
8000,0.999,1000,11977,429.5302833416998
8000,0.999,1000,11977,428.8717563920339
8000,0.999,1000,11977,428.98164717220675
8000,0.999,1000,11977,428.9816471722067
8000,0.999,1000,11977,430.244021857754
8000,0.999,1000,11977,428.9816471722068
8000,0.999,1000,11977,429.48408067125524
8000,0.999,1000,11977,428.98164717220675
8000,0.999,1000,11977,429.11793919982534
8000,0.999,1000,11977,429.5302833416998
8000,0.999,1000,11977,428.8717563920339
8000,0.999,1000,11977,428.98164717220675
8000,0.999,1000,11977,428.9816471722067
8000,0.999,1000,11977,428.98164717220675
8000,0.999,1000,11977,428.9816471722068
8000,0.999,1000,11977,429.48408067125524
8000,0.999,1000,11977,428.98164717220675
8000,0.999,1000,11977,429.11793919982534
8000,0.999,1000,11977,429.5302833416998
8000,0.999,1000,11977,428.8717563920339
8000,0.999,1000,11977,428.98164717220675
8000,0.999,1000,11977,428.9816471722067
8000,0.999,1000,11977,428.98164717220675
8000,0.999,1000,11977,428.9816471722067
8000,0.999,1000,11977,429.48408067125524
8000,0.999,1000,11977,428.98164717220675
8000,0.999,1000,11977,429.11793919982534
8000,0.999,1000,11977,429.5302833416998
8000,0.999,1000,11977,428.8717563920339
8000,0.999,1000,11977,428.98164717220675
8000,0.999,1000,11977,428.9816471722067
8000,0.999,1000,11977,428.98164717220675
8000,0.999,1000,11977,428.9816471722067
8000,0.999,1000,11977,428.87175639203383
8000,0.999,1000,11977,428.98164717220675
8000,0.999,1000,11977,429.11793919982534
8000,0.999,1000,11977,429.5302833416998
8000,0.999,1000,11977,428.8717563920339
8000,0.999,1000,11977,428.98164717220675
8000,0.999,1000,11977,428.9816471722067
8000,0.999,1000,11977,428.98164717220675
8000,0.999,1000,11977,428.9816471722067
8000,0.999,1000,11977,428.87175639203383
8000,0.999,1000,11977,432.5021797380089
8000,0.999,1000,11977,429.11793919982534
8000,0.999,1000,11977,429.5302833416998
8000,0.999,1000,11977,428.8717563920339
8000,0.999,1000,11977,428.98164717220675
8000,0.999,1000,11977,428.9816471722067
8000,0.999,1000,11977,428.98164717220675
8000,0.999,1000,11977,428.9816471722067
8000,0.999,1000,11977,428.87175639203383
8000,0.999,1000,11977,432.5021797380089
8000,0.999,1000,11977,429.11793919982546
8000,0.999,1000,11977,429.5302833416998
8000,0.999,1000,11977,428.8717563920339
8000,0.999,1000,11977,428.98164717220675
8000,0.999,1000,11977,428.9816471722067
8000,0.999,1000,11977,428.98164717220675
8000,0.999,1000,11977,428.9816471722067
8000,0.999,1000,11977,428.87175639203383
8000,0.999,1000,11977,432.5021797380089
8000,0.999,1000,11977,429.11793919982546
8000,0.999,1000,11977,429.5302833416998
8000,0.999,1000,11977,428.8717563920339
8000,0.999,1000,11977,428.98164717220675
8000,0.999,1000,11977,428.9816471722067
8000,0.999,1000,11977,428.98164717220675
8000,0.999,1000,11977,428.9816471722067
8000,0.999,1000,11977,428.87175639203383
8000,0.999,1000,11977,432.5021797380089
8000,0.999,1000,11977,429.11793919982546
8000,0.999,1000,11977,429.5302833416998
8000,0.999,1000,11977,429.11793919982546
8000,0.999,1000,11977,428.98164717220675
8000,0.999,1000,11977,428.9816471722067
8000,0.999,1000,11977,428.98164717220675
8000,0.999,1000,11977,428.9816471722067
8000,0.999,1000,11977,428.87175639203383
8000,0.999,1000,11977,432.5021797380089
8000,0.999,1000,11977,429.11793919982546
8000,0.999,1000,11977,429.5302833416998
8000,0.999,1000,11977,429.11793919982546
8000,0.999,1000,11977,430.60127167510694
8000,0.999,1000,11977,428.9816471722067
8000,0.999,1000,11977,428.98164717220675
8000,0.999,1000,11977,428.9816471722067
8000,0.999,1000,11977,428.87175639203383
8000,0.999,1000,11977,432.5021797380089
8000,0.999,1000,11977,429.11793919982546
8000,0.999,1000,11977,429.5302833416998
8000,0.999,1000,11977,429.11793919982546
8000,0.999,1000,11977,430.60127167510694
8000,0.999,1000,11977,428.9816471722068
8000,0.999,1000,11977,428.98164717220675
8000,0.999,1000,11977,428.9816471722067
8000,0.999,1000,11977,428.87175639203383
8000,0.999,1000,11977,432.5021797380089
8000,0.999,1000,11977,429.11793919982546
8000,0.999,1000,11977,429.5302833416998
8000,0.999,1000,11977,429.11793919982546
8000,0.999,1000,11977,430.60127167510694
8000,0.999,1000,11977,428.9816471722068
8000,0.999,1000,11977,429.1179391998254
8000,0.999,1000,11977,428.9816471722067
8000,0.999,1000,11977,428.87175639203383
8000,0.999,1000,11977,432.5021797380089
8000,0.999,1000,11977,429.11793919982546
8000,0.999,1000,11977,429.5302833416998
8000,0.999,1000,11977,429.11793919982546
8000,0.999,1000,11977,430.60127167510694
8000,0.999,1000,11977,428.9816471722068
8000,0.999,1000,11977,429.1179391998254
8000,0.999,1000,11977,431.10323765840633
8000,0.999,1000,11977,428.87175639203383
8000,0.999,1000,11977,432.5021797380089
8000,0.999,1000,11977,429.11793919982546
8000,0.999,1000,11977,429.5302833416998
8000,0.999,1000,11977,429.11793919982546
8000,0.999,1000,11977,430.60127167510694
8000,0.999,1000,11977,428.9816471722068
8000,0.999,1000,11977,429.1179391998254
8000,0.999,1000,11977,431.10323765840633
8000,0.999,1000,11977,430.489382731318
8000,0.999,1000,11977,432.5021797380089
8000,0.999,1000,11977,429.11793919982546
8000,0.999,1000,11977,429.5302833416998
8000,0.999,1000,11977,429.11793919982546
8000,0.999,1000,11977,430.60127167510694
8000,0.999,1000,11977,428.9816471722068
8000,0.999,1000,11977,429.1179391998254
8000,0.999,1000,11977,431.10323765840633
8000,0.999,1000,11977,430.489382731318
8000,0.999,1000,11977,430.244021857754
8000,0.999,1000,11977,429.11793919982546
8000,0.999,1000,11977,429.5302833416998
8000,0.999,1000,11977,429.11793919982546
8000,0.999,1000,11977,430.60127167510694
8000,0.999,1000,11977,428.9816471722068
8000,0.999,1000,11977,429.1179391998254
8000,0.999,1000,11977,431.10323765840633
8000,0.999,1000,11977,430.489382731318
8000,0.999,1000,11977,430.244021857754
8000,0.999,1000,11977,428.87175639203383
8000,0.999,1000,11977,429.5302833416998
8000,0.999,1000,11977,429.11793919982546
8000,0.999,1000,11977,430.60127167510694
8000,0.999,1000,11977,428.9816471722068
8000,0.999,1000,11977,429.1179391998254
8000,0.999,1000,11977,431.10323765840633
8000,0.999,1000,11977,430.489382731318
8000,0.999,1000,11977,430.244021857754
8000,0.999,1000,11977,428.87175639203383
8000,0.999,1000,11977,432.57451186609626
8000,0.999,1000,11977,429.11793919982546
8000,0.999,1000,11977,430.60127167510694
8000,0.999,1000,11977,428.9816471722068
8000,0.999,1000,11977,429.1179391998254
8000,0.999,1000,11977,431.10323765840633
8000,0.999,1000,11977,430.489382731318
8000,0.999,1000,11977,430.244021857754
8000,0.999,1000,11977,428.87175639203383
8000,0.999,1000,11977,432.57451186609626
8000,0.999,1000,11977,428.87175639203383
8000,0.999,1000,11977,430.60127167510694
8000,0.999,1000,11977,428.9816471722068
8000,0.999,1000,11977,429.1179391998254
8000,0.999,1000,11977,431.10323765840633
8000,0.999,1000,11977,430.489382731318
8000,0.999,1000,11977,430.244021857754
8000,0.999,1000,11977,428.87175639203383
8000,0.999,1000,11977,432.57451186609626
8000,0.999,1000,11977,428.87175639203383
8000,0.999,1000,11977,433.21562004719027
8000,0.999,1000,11977,428.9816471722068
8000,0.999,1000,11977,429.1179391998254
8000,0.999,1000,11977,431.10323765840633
8000,0.999,1000,11977,430.489382731318
8000,0.999,1000,11977,430.244021857754
8000,0.999,1000,11977,428.87175639203383
8000,0.999,1000,11977,432.57451186609626
8000,0.999,1000,11977,428.87175639203383
8000,0.999,1000,11977,433.21562004719027
8000,0.999,1000,11977,432.73935168693515
8000,0.999,1000,11977,429.1179391998254
8000,0.999,1000,11977,431.10323765840633
8000,0.999,1000,11977,430.489382731318
8000,0.999,1000,11977,430.244021857754
8000,0.999,1000,11977,428.87175639203383
8000,0.999,1000,11977,432.57451186609626
8000,0.999,1000,11977,428.87175639203383
8000,0.999,1000,11977,433.21562004719027
8000,0.999,1000,11977,432.73935168693515
8000,0.999,1000,11977,430.4454996978747
8000,0.999,1000,11977,431.10323765840633
8000,0.999,1000,11977,430.489382731318
8000,0.999,1000,11977,430.244021857754
8000,0.999,1000,11977,428.87175639203383
8000,0.999,1000,11977,432.57451186609626
8000,0.999,1000,11977,428.87175639203383
8000,0.999,1000,11977,433.21562004719027
8000,0.999,1000,11977,432.73935168693515
8000,0.999,1000,11977,430.4454996978747
8000,0.999,1000,11977,428.98164717220675
8000,0.999,1000,11977,430.489382731318
8000,0.999,1000,11977,430.244021857754
8000,0.999,1000,11977,428.87175639203383
8000,0.999,1000,11977,432.57451186609626
8000,0.999,1000,11977,428.87175639203383
8000,0.999,1000,11977,433.21562004719027
8000,0.999,1000,11977,432.73935168693515
8000,0.999,1000,11977,430.4454996978747
8000,0.999,1000,11977,428.98164717220675
8000,0.999,1000,11977,430.48938273131813
8000,0.999,1000,11977,430.244021857754
8000,0.999,1000,11977,428.87175639203383
8000,0.999,1000,11977,432.57451186609626
8000,0.999,1000,11977,428.87175639203383
8000,0.999,1000,11977,433.21562004719027
8000,0.999,1000,11977,432.73935168693515
8000,0.999,1000,11977,430.4454996978747
8000,0.999,1000,11977,428.98164717220675
8000,0.999,1000,11977,430.48938273131813
8000,0.999,1000,11977,428.871756392034
8000,0.999,1000,11977,428.87175639203383
8000,0.999,1000,11977,432.57451186609626
8000,0.999,1000,11977,428.87175639203383
8000,0.999,1000,11977,433.21562004719027
8000,0.999,1000,11977,432.73935168693515
8000,0.999,1000,11977,430.4454996978747
8000,0.999,1000,11977,428.98164717220675
8000,0.999,1000,11977,430.48938273131813
8000,0.999,1000,11977,428.871756392034
8000,0.999,1000,11977,428.87175639203383
8000,0.999,1000,11977,432.57451186609626
8000,0.999,1000,11977,428.87175639203383
8000,0.999,1000,11977,433.21562004719027
8000,0.999,1000,11977,432.73935168693515
8000,0.999,1000,11977,430.4454996978747
8000,0.999,1000,11977,428.98164717220675
8000,0.999,1000,11977,430.48938273131813
8000,0.999,1000,11977,428.871756392034
8000,0.999,1000,11977,428.87175639203383
8000,0.999,1000,11977,428.98164717220686
8000,0.999,1000,11977,428.87175639203383
8000,0.999,1000,11977,433.21562004719027
8000,0.999,1000,11977,432.73935168693515
8000,0.999,1000,11977,430.4454996978747
8000,0.999,1000,11977,428.98164717220675
8000,0.999,1000,11977,430.48938273131813
8000,0.999,1000,11977,428.871756392034
8000,0.999,1000,11977,428.87175639203383
8000,0.999,1000,11977,428.98164717220686
8000,0.999,1000,11977,431.57797949301687
8000,0.999,1000,11977,433.21562004719027
8000,0.999,1000,11977,432.73935168693515
8000,0.999,1000,11977,430.4454996978747
8000,0.999,1000,11977,428.98164717220675
8000,0.999,1000,11977,430.48938273131813
8000,0.999,1000,11977,428.871756392034
8000,0.999,1000,11977,428.87175639203383
8000,0.999,1000,11977,428.98164717220686
8000,0.999,1000,11977,431.57797949301687
8000,0.999,1000,11977,429.4840806712553
8000,0.999,1000,11977,432.73935168693515
8000,0.999,1000,11977,430.4454996978747
8000,0.999,1000,11977,428.98164717220675
8000,0.999,1000,11977,430.48938273131813
8000,0.999,1000,11977,428.871756392034
8000,0.999,1000,11977,428.87175639203383
8000,0.999,1000,11977,428.98164717220686
8000,0.999,1000,11977,431.57797949301687
8000,0.999,1000,11977,429.4840806712553
8000,0.999,1000,11977,432.71114092477876
8000,0.999,1000,11977,430.4454996978747
8000,0.999,1000,11977,428.98164717220675
8000,0.999,1000,11977,430.48938273131813
8000,0.999,1000,11977,428.871756392034
8000,0.999,1000,11977,428.87175639203383
8000,0.999,1000,11977,428.98164717220686
8000,0.999,1000,11977,431.57797949301687
8000,0.999,1000,11977,429.4840806712553
8000,0.999,1000,11977,432.71114092477876
8000,0.999,1000,11977,429.53028334169977
8000,0.999,1000,11977,428.98164717220675
8000,0.999,1000,11977,430.48938273131813
8000,0.999,1000,11977,428.871756392034
8000,0.999,1000,11977,428.87175639203383
8000,0.999,1000,11977,428.98164717220686
8000,0.999,1000,11977,431.57797949301687
8000,0.999,1000,11977,429.4840806712553
8000,0.999,1000,11977,432.71114092477876
8000,0.999,1000,11977,429.53028334169977
8000,0.999,1000,11977,428.87175639203383
8000,0.999,1000,11977,430.48938273131813
8000,0.999,1000,11977,428.871756392034
8000,0.999,1000,11977,428.87175639203383
8000,0.999,1000,11977,428.98164717220686
8000,0.999,1000,11977,431.57797949301687
8000,0.999,1000,11977,429.4840806712553
8000,0.999,1000,11977,432.71114092477876
8000,0.999,1000,11977,429.53028334169977
8000,0.999,1000,11977,428.87175639203383
8000,0.999,1000,11977,429.53028334169977
8000,0.999,1000,11977,428.871756392034
8000,0.999,1000,11977,428.87175639203383
8000,0.999,1000,11977,428.98164717220686
8000,0.999,1000,11977,431.57797949301687
8000,0.999,1000,11977,429.4840806712553
8000,0.999,1000,11977,432.71114092477876
8000,0.999,1000,11977,429.53028334169977
8000,0.999,1000,11977,428.87175639203383
8000,0.999,1000,11977,429.53028334169977
8000,0.999,1000,11977,428.87175639203394
8000,0.999,1000,11977,428.87175639203383
8000,0.999,1000,11977,428.98164717220686
8000,0.999,1000,11977,431.57797949301687
8000,0.999,1000,11977,429.4840806712553
8000,0.999,1000,11977,432.71114092477876
8000,0.999,1000,11977,429.53028334169977
8000,0.999,1000,11977,428.87175639203383
8000,0.999,1000,11977,429.53028334169977
8000,0.999,1000,11977,428.87175639203394
8000,0.999,1000,11977,428.9816471722067
8000,0.999,1000,11977,428.98164717220686
8000,0.999,1000,11977,431.57797949301687
8000,0.999,1000,11977,429.4840806712553
8000,0.999,1000,11977,432.71114092477876
8000,0.999,1000,11977,429.53028334169977
8000,0.999,1000,11977,428.87175639203383
8000,0.999,1000,11977,429.53028334169977
8000,0.999,1000,11977,428.87175639203394
8000,0.999,1000,11977,428.9816471722067
8000,0.999,1000,11977,428.9816471722067
8000,0.999,1000,11977,431.57797949301687
8000,0.999,1000,11977,429.4840806712553
8000,0.999,1000,11977,432.71114092477876
8000,0.999,1000,11977,429.53028334169977
8000,0.999,1000,11977,428.87175639203383
8000,0.999,1000,11977,429.53028334169977
8000,0.999,1000,11977,428.87175639203394
8000,0.999,1000,11977,428.9816471722067
8000,0.999,1000,11977,428.9816471722067
8000,0.999,1000,11977,428.87175639203383
8000,0.999,1000,11977,429.4840806712553
8000,0.999,1000,11977,432.71114092477876
8000,0.999,1000,11977,429.53028334169977
8000,0.999,1000,11977,428.87175639203383
8000,0.999,1000,11977,429.53028334169977
8000,0.999,1000,11977,428.87175639203394
8000,0.999,1000,11977,428.9816471722067
8000,0.999,1000,11977,428.9816471722067
8000,0.999,1000,11977,428.87175639203383
8000,0.999,1000,11977,428.87175639203383
8000,0.999,1000,11977,432.71114092477876
8000,0.999,1000,11977,429.53028334169977
8000,0.999,1000,11977,428.87175639203383
8000,0.999,1000,11977,429.53028334169977
8000,0.999,1000,11977,428.87175639203394
8000,0.999,1000,11977,428.9816471722067
8000,0.999,1000,11977,428.9816471722067
8000,0.999,1000,11977,428.87175639203383
8000,0.999,1000,11977,428.87175639203383
8000,0.999,1000,11977,428.98164717220675
8000,0.999,1000,11977,429.53028334169977
8000,0.999,1000,11977,428.87175639203383
8000,0.999,1000,11977,429.53028334169977
8000,0.999,1000,11977,428.87175639203394
8000,0.999,1000,11977,428.9816471722067
8000,0.999,1000,11977,428.9816471722067
8000,0.999,1000,11977,428.87175639203383
8000,0.999,1000,11977,428.87175639203383
8000,0.999,1000,11977,428.98164717220675
8000,0.999,1000,11977,430.48938273131813
8000,0.999,1000,11977,428.87175639203383
8000,0.999,1000,11977,429.53028334169977
8000,0.999,1000,11977,428.87175639203394
8000,0.999,1000,11977,428.9816471722067
8000,0.999,1000,11977,428.9816471722067
8000,0.999,1000,11977,428.87175639203383
8000,0.999,1000,11977,428.87175639203383
8000,0.999,1000,11977,428.98164717220675
8000,0.999,1000,11977,430.48938273131813
8000,0.999,1000,11977,428.87175639203383
8000,0.999,1000,11977,429.53028334169977
8000,0.999,1000,11977,428.87175639203394
8000,0.999,1000,11977,428.9816471722067
8000,0.999,1000,11977,428.9816471722067
8000,0.999,1000,11977,428.87175639203383
8000,0.999,1000,11977,428.87175639203383
8000,0.999,1000,11977,428.98164717220675
8000,0.999,1000,11977,430.48938273131813
8000,0.999,1000,11977,428.87175639203383
8000,0.999,1000,11977,429.53028334169977
8000,0.999,1000,11977,428.87175639203394
8000,0.999,1000,11977,428.9816471722067
8000,0.999,1000,11977,428.9816471722067
8000,0.999,1000,11977,428.87175639203383
8000,0.999,1000,11977,428.87175639203383
8000,0.999,1000,11977,428.98164717220675
8000,0.999,1000,11977,430.48938273131813
8000,0.999,1000,11977,428.87175639203383
8000,0.999,1000,11977,429.53028334169977
8000,0.999,1000,11977,428.87175639203394
8000,0.999,1000,11977,428.9816471722067
8000,0.999,1000,11977,428.9816471722067
8000,0.999,1000,11977,428.87175639203383
8000,0.999,1000,11977,428.87175639203383
8000,0.999,1000,11977,428.98164717220675
8000,0.999,1000,11977,430.48938273131813
8000,0.999,1000,11977,428.87175639203383
8000,0.999,1000,11977,429.53028334169977
8000,0.999,1000,11977,428.87175639203394
8000,0.999,1000,11977,430.4454996978747
8000,0.999,1000,11977,428.9816471722067
8000,0.999,1000,11977,428.87175639203383
8000,0.999,1000,11977,428.87175639203383
8000,0.999,1000,11977,428.98164717220675
8000,0.999,1000,11977,430.48938273131813
8000,0.999,1000,11977,428.87175639203383
8000,0.999,1000,11977,429.53028334169977
8000,0.999,1000,11977,428.87175639203394
8000,0.999,1000,11977,430.4454996978747
8000,0.999,1000,11977,428.87175639203394
8000,0.999,1000,11977,428.87175639203383
8000,0.999,1000,11977,428.87175639203383
8000,0.999,1000,11977,428.98164717220675
8000,0.999,1000,11977,430.48938273131813
8000,0.999,1000,11977,428.87175639203383
8000,0.999,1000,11977,429.53028334169977
8000,0.999,1000,11977,428.87175639203394
8000,0.999,1000,11977,430.4454996978747
8000,0.999,1000,11977,428.87175639203394
8000,0.999,1000,11977,430.8259274484241
8000,0.999,1000,11977,428.87175639203383
8000,0.999,1000,11977,428.98164717220675
8000,0.999,1000,11977,430.48938273131813
8000,0.999,1000,11977,428.87175639203383
8000,0.999,1000,11977,429.53028334169977
8000,0.999,1000,11977,428.87175639203394
8000,0.999,1000,11977,430.4454996978747
8000,0.999,1000,11977,428.87175639203394
8000,0.999,1000,11977,430.8259274484241
8000,0.999,1000,11977,428.87175639203383
8000,0.999,1000,11977,428.98164717220675
8000,0.999,1000,11977,430.48938273131813
8000,0.999,1000,11977,428.87175639203383
8000,0.999,1000,11977,429.53028334169977
8000,0.999,1000,11977,428.87175639203394
8000,0.999,1000,11977,430.4454996978747
8000,0.999,1000,11977,428.87175639203394
8000,0.999,1000,11977,430.8259274484241
8000,0.999,1000,11977,428.87175639203383
8000,0.999,1000,11977,428.87175639203394
8000,0.999,1000,11977,430.48938273131813
8000,0.999,1000,11977,428.87175639203383
8000,0.999,1000,11977,429.53028334169977
8000,0.999,1000,11977,428.87175639203394
8000,0.999,1000,11977,430.4454996978747
8000,0.999,1000,11977,428.87175639203394
8000,0.999,1000,11977,430.8259274484241
8000,0.999,1000,11977,428.87175639203383
8000,0.999,1000,11977,428.87175639203394
8000,0.999,1000,11977,428.87175639203383
8000,0.999,1000,11977,428.87175639203383
8000,0.999,1000,11977,429.53028334169977
8000,0.999,1000,11977,428.87175639203394
8000,0.999,1000,11977,430.4454996978747
8000,0.999,1000,11977,428.87175639203394
8000,0.999,1000,11977,430.8259274484241
8000,0.999,1000,11977,428.87175639203383
8000,0.999,1000,11977,428.87175639203394
8000,0.999,1000,11977,428.87175639203383
8000,0.999,1000,11977,428.9816471722067
8000,0.999,1000,11977,429.53028334169977
8000,0.999,1000,11977,428.87175639203394
8000,0.999,1000,11977,430.4454996978747
8000,0.999,1000,11977,428.87175639203394
8000,0.999,1000,11977,430.8259274484241
8000,0.999,1000,11977,428.87175639203383
8000,0.999,1000,11977,428.87175639203394
8000,0.999,1000,11977,428.87175639203383
8000,0.999,1000,11977,428.9816471722067
8000,0.999,1000,11977,428.8717563920339
8000,0.999,1000,11977,428.87175639203394
8000,0.999,1000,11977,430.4454996978747
8000,0.999,1000,11977,428.87175639203394
8000,0.999,1000,11977,430.8259274484241
8000,0.999,1000,11977,428.87175639203383
8000,0.999,1000,11977,428.87175639203394
8000,0.999,1000,11977,428.87175639203383
8000,0.999,1000,11977,428.9816471722067
8000,0.999,1000,11977,428.8717563920339
8000,0.999,1000,11977,429.4840806712554
8000,0.999,1000,11977,430.4454996978747
8000,0.999,1000,11977,428.87175639203394
8000,0.999,1000,11977,430.8259274484241
8000,0.999,1000,11977,428.87175639203383
8000,0.999,1000,11977,428.87175639203394
8000,0.999,1000,11977,428.87175639203383
8000,0.999,1000,11977,428.9816471722067
8000,0.999,1000,11977,428.8717563920339
8000,0.999,1000,11977,429.4840806712554
8000,0.999,1000,11977,428.87175639203394
8000,0.999,1000,11977,428.87175639203394
8000,0.999,1000,11977,430.8259274484241
8000,0.999,1000,11977,428.87175639203383
8000,0.999,1000,11977,428.87175639203394
8000,0.999,1000,11977,428.87175639203383
8000,0.999,1000,11977,428.9816471722067
8000,0.999,1000,11977,428.8717563920339
8000,0.999,1000,11977,429.4840806712554
8000,0.999,1000,11977,428.87175639203394
8000,0.999,1000,11977,429.53028334169977
8000,0.999,1000,11977,430.8259274484241
8000,0.999,1000,11977,428.87175639203383
8000,0.999,1000,11977,428.87175639203394
8000,0.999,1000,11977,428.87175639203383
8000,0.999,1000,11977,428.9816471722067
8000,0.999,1000,11977,428.8717563920339
8000,0.999,1000,11977,429.4840806712554
8000,0.999,1000,11977,428.87175639203394
8000,0.999,1000,11977,429.53028334169977
8000,0.999,1000,11977,428.9816471722068
8000,0.999,1000,11977,428.87175639203383
8000,0.999,1000,11977,428.87175639203394
8000,0.999,1000,11977,428.87175639203383
8000,0.999,1000,11977,428.9816471722067
8000,0.999,1000,11977,428.8717563920339
8000,0.999,1000,11977,429.4840806712554
8000,0.999,1000,11977,428.87175639203394
8000,0.999,1000,11977,429.53028334169977
8000,0.999,1000,11977,428.9816471722068
8000,0.999,1000,11977,428.9816471722067
8000,0.999,1000,11977,428.87175639203394
8000,0.999,1000,11977,428.87175639203383
8000,0.999,1000,11977,428.9816471722067
8000,0.999,1000,11977,428.8717563920339
8000,0.999,1000,11977,429.4840806712554
8000,0.999,1000,11977,428.87175639203394
8000,0.999,1000,11977,429.53028334169977
8000,0.999,1000,11977,428.9816471722068
8000,0.999,1000,11977,428.9816471722067
8000,0.999,1000,11977,429.53028334169977
8000,0.999,1000,11977,428.87175639203383
8000,0.999,1000,11977,428.9816471722067
8000,0.999,1000,11977,428.8717563920339
8000,0.999,1000,11977,429.4840806712554
8000,0.999,1000,11977,428.87175639203394
8000,0.999,1000,11977,429.53028334169977
8000,0.999,1000,11977,428.9816471722068
8000,0.999,1000,11977,428.9816471722067
8000,0.999,1000,11977,429.53028334169977
8000,0.999,1000,11977,429.4840806712553
8000,0.999,1000,11977,428.9816471722067
8000,0.999,1000,11977,428.8717563920339
8000,0.999,1000,11977,429.4840806712554
8000,0.999,1000,11977,428.87175639203394
8000,0.999,1000,11977,429.53028334169977
8000,0.999,1000,11977,428.9816471722068
8000,0.999,1000,11977,428.9816471722067
8000,0.999,1000,11977,429.53028334169977
8000,0.999,1000,11977,429.4840806712553
8000,0.999,1000,11977,431.0266088165098
8000,0.999,1000,11977,428.8717563920339
8000,0.999,1000,11977,429.4840806712554
8000,0.999,1000,11977,428.87175639203394
8000,0.999,1000,11977,429.53028334169977
8000,0.999,1000,11977,428.9816471722068
8000,0.999,1000,11977,428.9816471722067
8000,0.999,1000,11977,429.53028334169977
8000,0.999,1000,11977,429.4840806712553
8000,0.999,1000,11977,431.0266088165098
8000,0.999,1000,11977,431.10323765840633
8000,0.999,1000,11977,429.4840806712554
8000,0.999,1000,11977,428.87175639203394
8000,0.999,1000,11977,429.53028334169977
8000,0.999,1000,11977,428.9816471722068
8000,0.999,1000,11977,428.9816471722067
8000,0.999,1000,11977,429.53028334169977
8000,0.999,1000,11977,429.4840806712553
8000,0.999,1000,11977,431.0266088165098
8000,0.999,1000,11977,431.10323765840633
8000,0.999,1000,11977,429.92962206959186
8000,0.999,1000,11977,428.87175639203394
8000,0.999,1000,11977,429.53028334169977
8000,0.999,1000,11977,428.9816471722068
8000,0.999,1000,11977,428.9816471722067
8000,0.999,1000,11977,429.53028334169977
8000,0.999,1000,11977,429.4840806712553
8000,0.999,1000,11977,431.0266088165098
8000,0.999,1000,11977,431.10323765840633
8000,0.999,1000,11977,429.92962206959186
8000,0.999,1000,11977,428.87175639203406
8000,0.999,1000,11977,429.53028334169977
8000,0.999,1000,11977,428.9816471722068
8000,0.999,1000,11977,428.9816471722067
8000,0.999,1000,11977,429.53028334169977
8000,0.999,1000,11977,429.4840806712553
8000,0.999,1000,11977,431.0266088165098
8000,0.999,1000,11977,431.10323765840633
8000,0.999,1000,11977,429.92962206959186
8000,0.999,1000,11977,428.87175639203406
8000,0.999,1000,11977,428.9816471722067
8000,0.999,1000,11977,428.9816471722068
8000,0.999,1000,11977,428.9816471722067
8000,0.999,1000,11977,429.53028334169977
8000,0.999,1000,11977,429.4840806712553
8000,0.999,1000,11977,431.0266088165098
8000,0.999,1000,11977,431.10323765840633
8000,0.999,1000,11977,429.92962206959186
8000,0.999,1000,11977,428.87175639203406
8000,0.999,1000,11977,428.9816471722067
8000,0.999,1000,11977,428.9816471722067
8000,0.999,1000,11977,428.9816471722067
8000,0.999,1000,11977,429.53028334169977
8000,0.999,1000,11977,429.4840806712553
8000,0.999,1000,11977,431.0266088165098
8000,0.999,1000,11977,431.10323765840633
8000,0.999,1000,11977,429.92962206959186
8000,0.999,1000,11977,428.87175639203406
8000,0.999,1000,11977,428.9816471722067
8000,0.999,1000,11977,428.9816471722067
8000,0.999,1000,11977,428.98164717220675
8000,0.999,1000,11977,429.53028334169977
8000,0.999,1000,11977,429.4840806712553
8000,0.999,1000,11977,431.0266088165098
8000,0.999,1000,11977,431.10323765840633
8000,0.999,1000,11977,429.92962206959186
8000,0.999,1000,11977,428.87175639203406
8000,0.999,1000,11977,428.9816471722067
8000,0.999,1000,11977,428.9816471722067
8000,0.999,1000,11977,428.98164717220675
8000,0.999,1000,11977,428.87175639203383
8000,0.999,1000,11977,429.4840806712553
8000,0.999,1000,11977,431.0266088165098
8000,0.999,1000,11977,431.10323765840633
8000,0.999,1000,11977,429.92962206959186
8000,0.999,1000,11977,428.87175639203406
8000,0.999,1000,11977,428.9816471722067
8000,0.999,1000,11977,428.9816471722067
8000,0.999,1000,11977,428.98164717220675
8000,0.999,1000,11977,428.87175639203383
8000,0.999,1000,11977,429.53028334169977
8000,0.999,1000,11977,431.0266088165098
8000,0.999,1000,11977,431.10323765840633
8000,0.999,1000,11977,429.92962206959186
8000,0.999,1000,11977,428.87175639203406
8000,0.999,1000,11977,428.9816471722067
8000,0.999,1000,11977,428.9816471722067
8000,0.999,1000,11977,428.98164717220675
8000,0.999,1000,11977,428.87175639203383
8000,0.999,1000,11977,429.53028334169977
8000,0.999,1000,11977,430.44549969787465
8000,0.999,1000,11977,431.10323765840633
8000,0.999,1000,11977,429.92962206959186
8000,0.999,1000,11977,428.87175639203406
8000,0.999,1000,11977,428.9816471722067
8000,0.999,1000,11977,428.9816471722067
8000,0.999,1000,11977,428.98164717220675
8000,0.999,1000,11977,428.87175639203383
8000,0.999,1000,11977,429.53028334169977
8000,0.999,1000,11977,430.44549969787465
8000,0.999,1000,11977,428.8717563920339
8000,0.999,1000,11977,429.92962206959186
8000,0.999,1000,11977,428.87175639203406
8000,0.999,1000,11977,428.9816471722067
8000,0.999,1000,11977,428.9816471722067
8000,0.999,1000,11977,428.98164717220675
8000,0.999,1000,11977,428.87175639203383
8000,0.999,1000,11977,429.53028334169977
8000,0.999,1000,11977,430.44549969787465
8000,0.999,1000,11977,428.8717563920339
8000,0.999,1000,11977,431.1032376584064
8000,0.999,1000,11977,428.87175639203406
8000,0.999,1000,11977,428.9816471722067
8000,0.999,1000,11977,428.9816471722067
8000,0.999,1000,11977,428.98164717220675
8000,0.999,1000,11977,428.87175639203383
8000,0.999,1000,11977,429.53028334169977
8000,0.999,1000,11977,430.44549969787465
8000,0.999,1000,11977,428.8717563920339
8000,0.999,1000,11977,431.1032376584064
8000,0.999,1000,11977,429.4840806712553
8000,0.999,1000,11977,428.9816471722067
8000,0.999,1000,11977,428.9816471722067
8000,0.999,1000,11977,428.98164717220675
8000,0.999,1000,11977,428.87175639203383
8000,0.999,1000,11977,429.53028334169977
8000,0.999,1000,11977,430.44549969787465
8000,0.999,1000,11977,428.8717563920339
8000,0.999,1000,11977,431.1032376584064
8000,0.999,1000,11977,429.4840806712553
8000,0.999,1000,11977,428.8717563920339
8000,0.999,1000,11977,428.9816471722067
8000,0.999,1000,11977,428.98164717220675
8000,0.999,1000,11977,428.87175639203383
8000,0.999,1000,11977,429.53028334169977
8000,0.999,1000,11977,430.44549969787465
8000,0.999,1000,11977,428.8717563920339
8000,0.999,1000,11977,431.1032376584064
8000,0.999,1000,11977,429.4840806712553
8000,0.999,1000,11977,428.8717563920339
8000,0.999,1000,11977,428.87175639203394
8000,0.999,1000,11977,428.98164717220675
8000,0.999,1000,11977,428.87175639203383
8000,0.999,1000,11977,429.53028334169977
8000,0.999,1000,11977,430.44549969787465
8000,0.999,1000,11977,428.8717563920339
8000,0.999,1000,11977,431.1032376584064
8000,0.999,1000,11977,429.4840806712553
8000,0.999,1000,11977,428.8717563920339
8000,0.999,1000,11977,428.87175639203394
8000,0.999,1000,11977,429.1179391998254
8000,0.999,1000,11977,428.87175639203383
8000,0.999,1000,11977,429.53028334169977
8000,0.999,1000,11977,430.44549969787465
8000,0.999,1000,11977,428.8717563920339
8000,0.999,1000,11977,431.1032376584064
8000,0.999,1000,11977,429.4840806712553
8000,0.999,1000,11977,428.8717563920339
8000,0.999,1000,11977,428.87175639203394
8000,0.999,1000,11977,429.1179391998254
8000,0.999,1000,11977,428.9816471722067
8000,0.999,1000,11977,429.53028334169977
8000,0.999,1000,11977,430.44549969787465
8000,0.999,1000,11977,428.8717563920339
8000,0.999,1000,11977,431.1032376584064
8000,0.999,1000,11977,429.4840806712553
8000,0.999,1000,11977,428.8717563920339
8000,0.999,1000,11977,428.87175639203394
8000,0.999,1000,11977,429.1179391998254
8000,0.999,1000,11977,428.9816471722067
8000,0.999,1000,11977,429.11793919982534
8000,0.999,1000,11977,430.44549969787465
8000,0.999,1000,11977,428.8717563920339
8000,0.999,1000,11977,431.1032376584064
8000,0.999,1000,11977,429.4840806712553
8000,0.999,1000,11977,428.8717563920339
8000,0.999,1000,11977,428.87175639203394
8000,0.999,1000,11977,429.1179391998254
8000,0.999,1000,11977,428.9816471722067
8000,0.999,1000,11977,429.11793919982534
8000,0.999,1000,11977,429.4840806712553
8000,0.999,1000,11977,428.8717563920339
8000,0.999,1000,11977,431.1032376584064
8000,0.999,1000,11977,429.4840806712553
8000,0.999,1000,11977,428.8717563920339
8000,0.999,1000,11977,428.87175639203394
8000,0.999,1000,11977,429.1179391998254
8000,0.999,1000,11977,428.9816471722067
8000,0.999,1000,11977,429.11793919982534
8000,0.999,1000,11977,429.4840806712553
8000,0.999,1000,11977,428.9816471722068
8000,0.999,1000,11977,431.1032376584064
8000,0.999,1000,11977,429.4840806712553
8000,0.999,1000,11977,428.8717563920339
8000,0.999,1000,11977,428.87175639203394
8000,0.999,1000,11977,429.1179391998254
8000,0.999,1000,11977,428.9816471722067
8000,0.999,1000,11977,429.11793919982534
8000,0.999,1000,11977,429.4840806712553
8000,0.999,1000,11977,428.9816471722068
8000,0.999,1000,11977,428.98164717220675
8000,0.999,1000,11977,429.4840806712553
8000,0.999,1000,11977,428.8717563920339
8000,0.999,1000,11977,428.87175639203394
8000,0.999,1000,11977,429.1179391998254
8000,0.999,1000,11977,428.9816471722067
8000,0.999,1000,11977,429.11793919982534
8000,0.999,1000,11977,429.4840806712553
8000,0.999,1000,11977,428.9816471722068
8000,0.999,1000,11977,428.98164717220675
8000,0.999,1000,11977,429.53028334169977
8000,0.999,1000,11977,428.8717563920339
8000,0.999,1000,11977,428.87175639203394
8000,0.999,1000,11977,429.1179391998254
8000,0.999,1000,11977,428.9816471722067
8000,0.999,1000,11977,429.11793919982534
8000,0.999,1000,11977,429.4840806712553
8000,0.999,1000,11977,428.9816471722068
8000,0.999,1000,11977,428.98164717220675
8000,0.999,1000,11977,429.53028334169977
8000,0.999,1000,11977,428.8717563920339
8000,0.999,1000,11977,428.87175639203394
8000,0.999,1000,11977,429.1179391998254
8000,0.999,1000,11977,428.9816471722067
8000,0.999,1000,11977,429.11793919982534
8000,0.999,1000,11977,429.4840806712553
8000,0.999,1000,11977,428.9816471722068
8000,0.999,1000,11977,428.98164717220675
8000,0.999,1000,11977,429.53028334169977
8000,0.999,1000,11977,428.8717563920339
8000,0.999,1000,11977,428.98164717220675
8000,0.999,1000,11977,429.1179391998254
8000,0.999,1000,11977,428.9816471722067
8000,0.999,1000,11977,429.11793919982534
8000,0.999,1000,11977,429.4840806712553
8000,0.999,1000,11977,428.9816471722068
8000,0.999,1000,11977,428.98164717220675
8000,0.999,1000,11977,429.53028334169977
8000,0.999,1000,11977,428.8717563920339
8000,0.999,1000,11977,428.98164717220675
8000,0.999,1000,11977,428.98164717220675
8000,0.999,1000,11977,428.9816471722067
8000,0.999,1000,11977,429.11793919982534
8000,0.999,1000,11977,429.4840806712553
8000,0.999,1000,11977,428.9816471722068
8000,0.999,1000,11977,428.98164717220675
8000,0.999,1000,11977,429.53028334169977
8000,0.999,1000,11977,428.8717563920339
8000,0.999,1000,11977,428.98164717220675
8000,0.999,1000,11977,428.98164717220675
8000,0.999,1000,11977,430.6916825056662
8000,0.999,1000,11977,429.11793919982534
8000,0.999,1000,11977,429.4840806712553
8000,0.999,1000,11977,428.9816471722068
8000,0.999,1000,11977,428.98164717220675
8000,0.999,1000,11977,429.53028334169977
8000,0.999,1000,11977,428.8717563920339
8000,0.999,1000,11977,428.98164717220675
8000,0.999,1000,11977,428.98164717220675
8000,0.999,1000,11977,430.6916825056662
8000,0.999,1000,11977,431.8238159509991
8000,0.999,1000,11977,429.4840806712553
8000,0.999,1000,11977,428.9816471722068
8000,0.999,1000,11977,428.98164717220675
8000,0.999,1000,11977,429.53028334169977
8000,0.999,1000,11977,428.8717563920339
8000,0.999,1000,11977,428.98164717220675
8000,0.999,1000,11977,428.98164717220675
8000,0.999,1000,11977,430.6916825056662
8000,0.999,1000,11977,431.8238159509991
8000,0.999,1000,11977,428.8717563920339
8000,0.999,1000,11977,428.9816471722068
8000,0.999,1000,11977,428.98164717220675
8000,0.999,1000,11977,429.53028334169977
8000,0.999,1000,11977,428.8717563920339
8000,0.999,1000,11977,428.98164717220675
8000,0.999,1000,11977,428.98164717220675
8000,0.999,1000,11977,430.6916825056662
8000,0.999,1000,11977,431.8238159509991
8000,0.999,1000,11977,428.8717563920339
8000,0.999,1000,11977,429.53028334169977
8000,0.999,1000,11977,428.98164717220675
8000,0.999,1000,11977,429.53028334169977
8000,0.999,1000,11977,428.8717563920339
8000,0.999,1000,11977,428.98164717220675
8000,0.999,1000,11977,428.98164717220675
8000,0.999,1000,11977,430.6916825056662
8000,0.999,1000,11977,431.8238159509991
8000,0.999,1000,11977,428.8717563920339
8000,0.999,1000,11977,429.53028334169977
8000,0.999,1000,11977,428.9816471722068
8000,0.999,1000,11977,429.53028334169977
8000,0.999,1000,11977,428.8717563920339
8000,0.999,1000,11977,428.98164717220675
8000,0.999,1000,11977,428.98164717220675
8000,0.999,1000,11977,430.6916825056662
8000,0.999,1000,11977,431.8238159509991
8000,0.999,1000,11977,428.8717563920339
8000,0.999,1000,11977,429.53028334169977
8000,0.999,1000,11977,428.9816471722068
8000,0.999,1000,11977,428.9816471722067
8000,0.999,1000,11977,428.8717563920339
8000,0.999,1000,11977,428.98164717220675
8000,0.999,1000,11977,428.98164717220675
8000,0.999,1000,11977,430.6916825056662
8000,0.999,1000,11977,431.8238159509991
8000,0.999,1000,11977,428.8717563920339
8000,0.999,1000,11977,429.53028334169977
8000,0.999,1000,11977,428.9816471722068
8000,0.999,1000,11977,428.9816471722067
8000,0.999,1000,11977,429.48408067125536
8000,0.999,1000,11977,428.98164717220675
8000,0.999,1000,11977,428.98164717220675
8000,0.999,1000,11977,430.6916825056662
8000,0.999,1000,11977,431.8238159509991
8000,0.999,1000,11977,428.8717563920339
8000,0.999,1000,11977,429.53028334169977
8000,0.999,1000,11977,428.9816471722068
8000,0.999,1000,11977,428.9816471722067
8000,0.999,1000,11977,429.48408067125536
8000,0.999,1000,11977,429.53028334169977
8000,0.999,1000,11977,428.98164717220675
8000,0.999,1000,11977,430.6916825056662
8000,0.999,1000,11977,431.8238159509991
8000,0.999,1000,11977,428.8717563920339
8000,0.999,1000,11977,429.53028334169977
8000,0.999,1000,11977,428.9816471722068
8000,0.999,1000,11977,428.9816471722067
8000,0.999,1000,11977,429.48408067125536
8000,0.999,1000,11977,429.53028334169977
8000,0.999,1000,11977,429.4840806712553
8000,0.999,1000,11977,430.6916825056662
8000,0.999,1000,11977,431.8238159509991
8000,0.999,1000,11977,428.8717563920339
8000,0.999,1000,11977,429.53028334169977
8000,0.999,1000,11977,428.9816471722068
8000,0.999,1000,11977,428.9816471722067
8000,0.999,1000,11977,429.48408067125536
8000,0.999,1000,11977,429.53028334169977
8000,0.999,1000,11977,429.4840806712553
8000,0.999,1000,11977,428.87175639203394
8000,0.999,1000,11977,431.8238159509991
8000,0.999,1000,11977,428.8717563920339
8000,0.999,1000,11977,429.53028334169977
8000,0.999,1000,11977,428.9816471722068
8000,0.999,1000,11977,428.9816471722067
8000,0.999,1000,11977,429.48408067125536
8000,0.999,1000,11977,429.53028334169977
8000,0.999,1000,11977,429.4840806712553
8000,0.999,1000,11977,428.87175639203394
8000,0.999,1000,11977,428.98164717220675
8000,0.999,1000,11977,428.8717563920339
8000,0.999,1000,11977,429.53028334169977
8000,0.999,1000,11977,428.9816471722068
8000,0.999,1000,11977,428.9816471722067
8000,0.999,1000,11977,429.48408067125536
8000,0.999,1000,11977,429.53028334169977
8000,0.999,1000,11977,429.4840806712553
8000,0.999,1000,11977,428.87175639203394
8000,0.999,1000,11977,428.98164717220675
8000,0.999,1000,11977,428.87175639203394
8000,0.999,1000,11977,429.53028334169977
8000,0.999,1000,11977,428.9816471722068
8000,0.999,1000,11977,428.9816471722067
8000,0.999,1000,11977,429.48408067125536
8000,0.999,1000,11977,429.53028334169977
8000,0.999,1000,11977,429.4840806712553
8000,0.999,1000,11977,428.87175639203394
8000,0.999,1000,11977,428.98164717220675
8000,0.999,1000,11977,428.87175639203394
8000,0.999,1000,11977,428.9816471722067
8000,0.999,1000,11977,428.9816471722068
8000,0.999,1000,11977,428.9816471722067
8000,0.999,1000,11977,429.48408067125536
8000,0.999,1000,11977,429.53028334169977
8000,0.999,1000,11977,429.4840806712553
8000,0.999,1000,11977,428.87175639203394
8000,0.999,1000,11977,428.98164717220675
8000,0.999,1000,11977,428.87175639203394
8000,0.999,1000,11977,428.9816471722067
8000,0.999,1000,11977,430.8606199055795
8000,0.999,1000,11977,428.9816471722067
8000,0.999,1000,11977,429.48408067125536
8000,0.999,1000,11977,429.53028334169977
8000,0.999,1000,11977,429.4840806712553
8000,0.999,1000,11977,428.87175639203394
8000,0.999,1000,11977,428.98164717220675
8000,0.999,1000,11977,428.87175639203394
8000,0.999,1000,11977,428.9816471722067
8000,0.999,1000,11977,430.8606199055795
8000,0.999,1000,11977,428.87175639203383
8000,0.999,1000,11977,429.48408067125536
8000,0.999,1000,11977,429.53028334169977
8000,0.999,1000,11977,429.4840806712553
8000,0.999,1000,11977,428.87175639203394
8000,0.999,1000,11977,428.98164717220675
8000,0.999,1000,11977,428.87175639203394
8000,0.999,1000,11977,428.9816471722067
8000,0.999,1000,11977,430.8606199055795
8000,0.999,1000,11977,428.87175639203383
8000,0.999,1000,11977,429.5302833416998
8000,0.999,1000,11977,429.53028334169977
8000,0.999,1000,11977,429.4840806712553
8000,0.999,1000,11977,428.87175639203394
8000,0.999,1000,11977,428.98164717220675
8000,0.999,1000,11977,428.87175639203394
8000,0.999,1000,11977,428.9816471722067
8000,0.999,1000,11977,430.8606199055795
8000,0.999,1000,11977,428.87175639203383
8000,0.999,1000,11977,429.5302833416998
8000,0.999,1000,11977,428.87175639203383
8000,0.999,1000,11977,429.4840806712553
8000,0.999,1000,11977,428.87175639203394
8000,0.999,1000,11977,428.98164717220675
8000,0.999,1000,11977,428.87175639203394
8000,0.999,1000,11977,428.9816471722067
8000,0.999,1000,11977,430.8606199055795
8000,0.999,1000,11977,428.87175639203383
8000,0.999,1000,11977,429.5302833416998
8000,0.999,1000,11977,428.87175639203383
8000,0.999,1000,11977,428.9816471722068
8000,0.999,1000,11977,428.87175639203394
8000,0.999,1000,11977,428.98164717220675
8000,0.999,1000,11977,428.87175639203394
8000,0.999,1000,11977,428.9816471722067
8000,0.999,1000,11977,430.8606199055795
8000,0.999,1000,11977,428.87175639203383
8000,0.999,1000,11977,429.5302833416998
8000,0.999,1000,11977,428.87175639203383
8000,0.999,1000,11977,428.9816471722068
8000,0.999,1000,11977,428.9816471722068
8000,0.999,1000,11977,428.98164717220675
8000,0.999,1000,11977,428.87175639203394
8000,0.999,1000,11977,428.9816471722067
8000,0.999,1000,11977,430.8606199055795
8000,0.999,1000,11977,428.87175639203383
8000,0.999,1000,11977,429.5302833416998
8000,0.999,1000,11977,428.87175639203383
8000,0.999,1000,11977,428.9816471722068
8000,0.999,1000,11977,428.9816471722068
8000,0.999,1000,11977,430.44549969787477
8000,0.999,1000,11977,428.87175639203394
8000,0.999,1000,11977,428.9816471722067
8000,0.999,1000,11977,430.8606199055795
8000,0.999,1000,11977,428.87175639203383
8000,0.999,1000,11977,429.5302833416998
8000,0.999,1000,11977,428.87175639203383
8000,0.999,1000,11977,428.9816471722068
8000,0.999,1000,11977,428.9816471722068
8000,0.999,1000,11977,430.44549969787477
8000,0.999,1000,11977,428.98164717220675
8000,0.999,1000,11977,428.9816471722067
8000,0.999,1000,11977,430.8606199055795
8000,0.999,1000,11977,428.87175639203383
8000,0.999,1000,11977,429.5302833416998
8000,0.999,1000,11977,428.87175639203383
8000,0.999,1000,11977,428.9816471722068
8000,0.999,1000,11977,428.9816471722068
8000,0.999,1000,11977,430.44549969787477
8000,0.999,1000,11977,428.98164717220675
8000,0.999,1000,11977,432.8428942490205
8000,0.999,1000,11977,430.8606199055795
8000,0.999,1000,11977,428.87175639203383
8000,0.999,1000,11977,429.5302833416998
8000,0.999,1000,11977,428.87175639203383
8000,0.999,1000,11977,428.9816471722068
8000,0.999,1000,11977,428.9816471722068
8000,0.999,1000,11977,430.44549969787477
8000,0.999,1000,11977,428.98164717220675
8000,0.999,1000,11977,432.8428942490205
8000,0.999,1000,11977,430.8606199055794
8000,0.999,1000,11977,428.87175639203383
8000,0.999,1000,11977,429.5302833416998
8000,0.999,1000,11977,428.87175639203383
8000,0.999,1000,11977,428.9816471722068
8000,0.999,1000,11977,428.9816471722068
8000,0.999,1000,11977,430.44549969787477
8000,0.999,1000,11977,428.98164717220675
8000,0.999,1000,11977,432.8428942490205
8000,0.999,1000,11977,430.8606199055794
8000,0.999,1000,11977,428.87175639203383
8000,0.999,1000,11977,429.5302833416998
8000,0.999,1000,11977,428.87175639203383
8000,0.999,1000,11977,428.9816471722068
8000,0.999,1000,11977,428.9816471722068
8000,0.999,1000,11977,430.44549969787477
8000,0.999,1000,11977,428.98164717220675
8000,0.999,1000,11977,432.8428942490205
8000,0.999,1000,11977,430.8606199055794
8000,0.999,1000,11977,428.87175639203383
8000,0.999,1000,11977,428.87175639203394
8000,0.999,1000,11977,428.87175639203383
8000,0.999,1000,11977,428.9816471722068
8000,0.999,1000,11977,428.9816471722068
8000,0.999,1000,11977,430.44549969787477
8000,0.999,1000,11977,428.98164717220675
8000,0.999,1000,11977,432.8428942490205
8000,0.999,1000,11977,430.8606199055794
8000,0.999,1000,11977,428.87175639203383
8000,0.999,1000,11977,428.87175639203394
8000,0.999,1000,11977,429.53028334169977
8000,0.999,1000,11977,428.9816471722068
8000,0.999,1000,11977,428.9816471722068
8000,0.999,1000,11977,430.44549969787477
8000,0.999,1000,11977,428.98164717220675
8000,0.999,1000,11977,432.8428942490205
8000,0.999,1000,11977,430.8606199055794
8000,0.999,1000,11977,428.87175639203383
8000,0.999,1000,11977,428.87175639203394
8000,0.999,1000,11977,429.53028334169977
8000,0.999,1000,11977,428.8717563920339
8000,0.999,1000,11977,428.9816471722068
8000,0.999,1000,11977,430.44549969787477
8000,0.999,1000,11977,428.98164717220675
8000,0.999,1000,11977,432.8428942490205
8000,0.999,1000,11977,430.8606199055794
8000,0.999,1000,11977,428.87175639203383
8000,0.999,1000,11977,428.87175639203394
8000,0.999,1000,11977,429.53028334169977
8000,0.999,1000,11977,428.8717563920339
8000,0.999,1000,11977,429.7371291755925
8000,0.999,1000,11977,430.44549969787477
8000,0.999,1000,11977,428.98164717220675
8000,0.999,1000,11977,432.8428942490205
8000,0.999,1000,11977,430.8606199055794
8000,0.999,1000,11977,428.87175639203383
8000,0.999,1000,11977,428.87175639203394
8000,0.999,1000,11977,429.53028334169977
8000,0.999,1000,11977,428.8717563920339
8000,0.999,1000,11977,429.7371291755925
8000,0.999,1000,11977,428.8717563920339
8000,0.999,1000,11977,428.98164717220675
8000,0.999,1000,11977,432.8428942490205
8000,0.999,1000,11977,430.8606199055794
8000,0.999,1000,11977,428.87175639203383
8000,0.999,1000,11977,428.87175639203394
8000,0.999,1000,11977,429.53028334169977
8000,0.999,1000,11977,428.8717563920339
8000,0.999,1000,11977,429.7371291755925
8000,0.999,1000,11977,428.8717563920339
8000,0.999,1000,11977,428.87175639203383
8000,0.999,1000,11977,432.8428942490205
8000,0.999,1000,11977,430.8606199055794
8000,0.999,1000,11977,428.87175639203383
8000,0.999,1000,11977,428.87175639203394
8000,0.999,1000,11977,429.53028334169977
8000,0.999,1000,11977,428.8717563920339
8000,0.999,1000,11977,429.7371291755925
8000,0.999,1000,11977,428.8717563920339
8000,0.999,1000,11977,428.87175639203383
8000,0.999,1000,11977,428.8717563920339
8000,0.999,1000,11977,430.8606199055794
8000,0.999,1000,11977,428.87175639203383
8000,0.999,1000,11977,428.87175639203394
8000,0.999,1000,11977,429.53028334169977
8000,0.999,1000,11977,428.8717563920339
8000,0.999,1000,11977,429.7371291755925
8000,0.999,1000,11977,428.8717563920339
8000,0.999,1000,11977,428.87175639203383
8000,0.999,1000,11977,428.8717563920339
8000,0.999,1000,11977,429.48408067125536
8000,0.999,1000,11977,428.87175639203383
8000,0.999,1000,11977,428.87175639203394
8000,0.999,1000,11977,429.53028334169977
8000,0.999,1000,11977,428.8717563920339
8000,0.999,1000,11977,429.7371291755925
8000,0.999,1000,11977,428.8717563920339
8000,0.999,1000,11977,428.87175639203383
8000,0.999,1000,11977,428.8717563920339
8000,0.999,1000,11977,429.48408067125536
8000,0.999,1000,11977,428.9816471722067
8000,0.999,1000,11977,428.87175639203394
8000,0.999,1000,11977,429.53028334169977
8000,0.999,1000,11977,428.8717563920339
8000,0.999,1000,11977,429.7371291755925
8000,0.999,1000,11977,428.8717563920339
8000,0.999,1000,11977,428.87175639203383
8000,0.999,1000,11977,428.8717563920339
8000,0.999,1000,11977,429.48408067125536
8000,0.999,1000,11977,428.9816471722067
8000,0.999,1000,11977,433.28562934814914
8000,0.999,1000,11977,429.53028334169977
8000,0.999,1000,11977,428.8717563920339
8000,0.999,1000,11977,429.7371291755925
8000,0.999,1000,11977,428.8717563920339
8000,0.999,1000,11977,428.87175639203383
8000,0.999,1000,11977,428.8717563920339
8000,0.999,1000,11977,429.48408067125536
8000,0.999,1000,11977,428.9816471722067
8000,0.999,1000,11977,433.28562934814914
8000,0.999,1000,11977,429.48408067125547
8000,0.999,1000,11977,428.8717563920339
8000,0.999,1000,11977,429.7371291755925
8000,0.999,1000,11977,428.8717563920339
8000,0.999,1000,11977,428.87175639203383
8000,0.999,1000,11977,428.8717563920339
8000,0.999,1000,11977,429.48408067125536
8000,0.999,1000,11977,428.9816471722067
8000,0.999,1000,11977,433.28562934814914
8000,0.999,1000,11977,429.48408067125547
8000,0.999,1000,11977,428.87175639203383
8000,0.999,1000,11977,429.7371291755925
8000,0.999,1000,11977,428.8717563920339
8000,0.999,1000,11977,428.87175639203383
8000,0.999,1000,11977,428.8717563920339
8000,0.999,1000,11977,429.48408067125536
8000,0.999,1000,11977,428.9816471722067
8000,0.999,1000,11977,433.28562934814914
8000,0.999,1000,11977,429.48408067125547
8000,0.999,1000,11977,428.87175639203383
8000,0.999,1000,11977,430.24402185775403
8000,0.999,1000,11977,428.8717563920339
8000,0.999,1000,11977,428.87175639203383
8000,0.999,1000,11977,428.8717563920339
8000,0.999,1000,11977,429.48408067125536
8000,0.999,1000,11977,428.9816471722067
8000,0.999,1000,11977,433.28562934814914
8000,0.999,1000,11977,429.48408067125547
8000,0.999,1000,11977,428.87175639203383
8000,0.999,1000,11977,430.24402185775403
8000,0.999,1000,11977,429.92962206959186
8000,0.999,1000,11977,428.87175639203383
8000,0.999,1000,11977,428.8717563920339
8000,0.999,1000,11977,429.48408067125536
8000,0.999,1000,11977,428.9816471722067
8000,0.999,1000,11977,433.28562934814914
8000,0.999,1000,11977,429.48408067125547
8000,0.999,1000,11977,428.87175639203383
8000,0.999,1000,11977,430.24402185775403
8000,0.999,1000,11977,429.92962206959186
8000,0.999,1000,11977,428.87175639203383
8000,0.999,1000,11977,428.8717563920339
8000,0.999,1000,11977,429.48408067125536
8000,0.999,1000,11977,428.9816471722067
8000,0.999,1000,11977,433.28562934814914
8000,0.999,1000,11977,429.48408067125547
8000,0.999,1000,11977,428.87175639203383
8000,0.999,1000,11977,430.24402185775403
8000,0.999,1000,11977,429.92962206959186
8000,0.999,1000,11977,428.87175639203383
8000,0.999,1000,11977,429.48408067125524
8000,0.999,1000,11977,429.48408067125536
8000,0.999,1000,11977,428.9816471722067
8000,0.999,1000,11977,433.28562934814914
8000,0.999,1000,11977,429.48408067125547
8000,0.999,1000,11977,428.87175639203383
8000,0.999,1000,11977,430.24402185775403
8000,0.999,1000,11977,429.92962206959186
8000,0.999,1000,11977,428.87175639203383
8000,0.999,1000,11977,429.48408067125524
8000,0.999,1000,11977,429.53028334169977
8000,0.999,1000,11977,428.9816471722067
8000,0.999,1000,11977,433.28562934814914
8000,0.999,1000,11977,429.48408067125547
8000,0.999,1000,11977,428.87175639203383
8000,0.999,1000,11977,430.24402185775403
8000,0.999,1000,11977,429.92962206959186
8000,0.999,1000,11977,428.87175639203383
8000,0.999,1000,11977,429.48408067125524
8000,0.999,1000,11977,429.53028334169977
8000,0.999,1000,11977,429.48408067125524
8000,0.999,1000,11977,433.28562934814914
8000,0.999,1000,11977,429.48408067125547
8000,0.999,1000,11977,428.87175639203383
8000,0.999,1000,11977,430.24402185775403
8000,0.999,1000,11977,429.92962206959186
8000,0.999,1000,11977,428.87175639203383
8000,0.999,1000,11977,429.48408067125524
8000,0.999,1000,11977,429.53028334169977
8000,0.999,1000,11977,429.48408067125524
8000,0.999,1000,11977,429.11793919982546
8000,0.999,1000,11977,429.48408067125547
8000,0.999,1000,11977,428.87175639203383
8000,0.999,1000,11977,430.24402185775403
8000,0.999,1000,11977,429.92962206959186
8000,0.999,1000,11977,428.87175639203383
8000,0.999,1000,11977,429.48408067125524
8000,0.999,1000,11977,429.53028334169977
8000,0.999,1000,11977,429.48408067125524
8000,0.999,1000,11977,429.11793919982546
8000,0.999,1000,11977,428.87175639203383
8000,0.999,1000,11977,428.87175639203383
8000,0.999,1000,11977,430.24402185775403
8000,0.999,1000,11977,429.92962206959186
8000,0.999,1000,11977,428.87175639203383
8000,0.999,1000,11977,429.48408067125524
8000,0.999,1000,11977,429.53028334169977
8000,0.999,1000,11977,429.48408067125524
8000,0.999,1000,11977,429.11793919982546
8000,0.999,1000,11977,428.87175639203383
8000,0.999,1000,11977,431.3213824519505
8000,0.999,1000,11977,430.24402185775403
8000,0.999,1000,11977,429.92962206959186
8000,0.999,1000,11977,428.87175639203383
8000,0.999,1000,11977,429.48408067125524
8000,0.999,1000,11977,429.53028334169977
8000,0.999,1000,11977,429.48408067125524
8000,0.999,1000,11977,429.11793919982546
8000,0.999,1000,11977,428.87175639203383
8000,0.999,1000,11977,431.3213824519505
8000,0.999,1000,11977,428.87175639203383
8000,0.999,1000,11977,429.92962206959186
8000,0.999,1000,11977,428.87175639203383
8000,0.999,1000,11977,429.48408067125524
8000,0.999,1000,11977,429.53028334169977
8000,0.999,1000,11977,429.48408067125524
8000,0.999,1000,11977,429.11793919982546
8000,0.999,1000,11977,428.87175639203383
8000,0.999,1000,11977,431.3213824519505
8000,0.999,1000,11977,428.87175639203383
8000,0.999,1000,11977,429.4840806712553
8000,0.999,1000,11977,428.87175639203383
8000,0.999,1000,11977,429.48408067125524
8000,0.999,1000,11977,429.53028334169977
8000,0.999,1000,11977,429.48408067125524
8000,0.999,1000,11977,429.11793919982546
8000,0.999,1000,11977,428.87175639203383
8000,0.999,1000,11977,431.3213824519505
8000,0.999,1000,11977,428.87175639203383
8000,0.999,1000,11977,429.4840806712553
8000,0.999,1000,11977,428.98164717220686
8000,0.999,1000,11977,429.48408067125524
8000,0.999,1000,11977,429.53028334169977
8000,0.999,1000,11977,429.48408067125524
8000,0.999,1000,11977,429.11793919982546
8000,0.999,1000,11977,428.87175639203383
8000,0.999,1000,11977,431.3213824519505
8000,0.999,1000,11977,428.87175639203383
8000,0.999,1000,11977,429.4840806712553
8000,0.999,1000,11977,428.98164717220686
8000,0.999,1000,11977,428.9816471722067
8000,0.999,1000,11977,429.53028334169977
8000,0.999,1000,11977,429.48408067125524
8000,0.999,1000,11977,429.11793919982546
8000,0.999,1000,11977,428.87175639203383
8000,0.999,1000,11977,431.3213824519505
8000,0.999,1000,11977,428.87175639203383
8000,0.999,1000,11977,429.4840806712553
8000,0.999,1000,11977,428.98164717220686
8000,0.999,1000,11977,428.9816471722067
8000,0.999,1000,11977,429.7371291755925
8000,0.999,1000,11977,429.48408067125524
8000,0.999,1000,11977,429.11793919982546
8000,0.999,1000,11977,428.87175639203383
8000,0.999,1000,11977,431.3213824519505
8000,0.999,1000,11977,428.87175639203383
8000,0.999,1000,11977,429.4840806712553
8000,0.999,1000,11977,428.98164717220686
8000,0.999,1000,11977,428.9816471722067
8000,0.999,1000,11977,429.7371291755925
8000,0.999,1000,11977,430.50699115960964
8000,0.999,1000,11977,429.11793919982546
8000,0.999,1000,11977,428.87175639203383
8000,0.999,1000,11977,431.3213824519505
8000,0.999,1000,11977,428.87175639203383
8000,0.999,1000,11977,429.4840806712553
8000,0.999,1000,11977,428.98164717220686
8000,0.999,1000,11977,428.9816471722067
8000,0.999,1000,11977,429.7371291755925
8000,0.999,1000,11977,430.50699115960964
8000,0.999,1000,11977,428.87175639203383
8000,0.999,1000,11977,428.87175639203383
8000,0.999,1000,11977,431.3213824519505
8000,0.999,1000,11977,428.87175639203383
8000,0.999,1000,11977,429.4840806712553
8000,0.999,1000,11977,428.98164717220686
8000,0.999,1000,11977,428.9816471722067
8000,0.999,1000,11977,429.7371291755925
8000,0.999,1000,11977,430.50699115960964
8000,0.999,1000,11977,428.87175639203383
8000,0.999,1000,11977,431.9532453616429
8000,0.999,1000,11977,431.3213824519505
8000,0.999,1000,11977,428.87175639203383
8000,0.999,1000,11977,429.4840806712553
8000,0.999,1000,11977,428.98164717220686
8000,0.999,1000,11977,428.9816471722067
8000,0.999,1000,11977,429.7371291755925
8000,0.999,1000,11977,430.50699115960964
8000,0.999,1000,11977,428.87175639203383
8000,0.999,1000,11977,431.9532453616429
8000,0.999,1000,11977,428.87175639203383
8000,0.999,1000,11977,428.87175639203383
8000,0.999,1000,11977,429.4840806712553
8000,0.999,1000,11977,428.98164717220686
8000,0.999,1000,11977,428.9816471722067
8000,0.999,1000,11977,429.7371291755925
8000,0.999,1000,11977,430.50699115960964
8000,0.999,1000,11977,428.87175639203383
8000,0.999,1000,11977,431.9532453616429
8000,0.999,1000,11977,428.87175639203383
8000,0.999,1000,11977,428.9816471722067
8000,0.999,1000,11977,429.4840806712553
8000,0.999,1000,11977,428.98164717220686
8000,0.999,1000,11977,428.9816471722067
8000,0.999,1000,11977,429.7371291755925
8000,0.999,1000,11977,430.50699115960964
8000,0.999,1000,11977,428.87175639203383
8000,0.999,1000,11977,431.9532453616429
8000,0.999,1000,11977,428.87175639203383
8000,0.999,1000,11977,428.9816471722067
8000,0.999,1000,11977,429.48408067125524
8000,0.999,1000,11977,428.98164717220686
8000,0.999,1000,11977,428.9816471722067
8000,0.999,1000,11977,429.7371291755925
8000,0.999,1000,11977,430.50699115960964
8000,0.999,1000,11977,428.87175639203383
8000,0.999,1000,11977,431.9532453616429
8000,0.999,1000,11977,428.87175639203383
8000,0.999,1000,11977,428.9816471722067
8000,0.999,1000,11977,429.48408067125524
8000,0.999,1000,11977,429.1179391998255
8000,0.999,1000,11977,428.9816471722067
8000,0.999,1000,11977,429.7371291755925
8000,0.999,1000,11977,430.50699115960964
8000,0.999,1000,11977,428.87175639203383
8000,0.999,1000,11977,431.9532453616429
8000,0.999,1000,11977,428.87175639203383
8000,0.999,1000,11977,428.9816471722067
8000,0.999,1000,11977,429.48408067125524
8000,0.999,1000,11977,429.1179391998255
8000,0.999,1000,11977,428.87175639203383
8000,0.999,1000,11977,429.7371291755925
8000,0.999,1000,11977,430.50699115960964
8000,0.999,1000,11977,428.87175639203383
8000,0.999,1000,11977,431.9532453616429
8000,0.999,1000,11977,428.87175639203383
8000,0.999,1000,11977,428.9816471722067
8000,0.999,1000,11977,429.48408067125524
8000,0.999,1000,11977,429.1179391998255
8000,0.999,1000,11977,428.87175639203383
8000,0.999,1000,11977,429.53028334169977
8000,0.999,1000,11977,430.50699115960964
8000,0.999,1000,11977,428.87175639203383
8000,0.999,1000,11977,431.9532453616429
8000,0.999,1000,11977,428.87175639203383
8000,0.999,1000,11977,428.9816471722067
8000,0.999,1000,11977,429.48408067125524
8000,0.999,1000,11977,429.1179391998255
8000,0.999,1000,11977,428.87175639203383
8000,0.999,1000,11977,429.53028334169977
8000,0.999,1000,11977,428.87175639203383
8000,0.999,1000,11977,428.87175639203383
8000,0.999,1000,11977,431.9532453616429
8000,0.999,1000,11977,428.87175639203383
8000,0.999,1000,11977,428.9816471722067
8000,0.999,1000,11977,429.48408067125524
8000,0.999,1000,11977,429.1179391998255
8000,0.999,1000,11977,428.87175639203383
8000,0.999,1000,11977,429.53028334169977
8000,0.999,1000,11977,428.87175639203383
8000,0.999,1000,11977,428.87175639203383
8000,0.999,1000,11977,431.9532453616429
8000,0.999,1000,11977,428.87175639203383
8000,0.999,1000,11977,428.9816471722067
8000,0.999,1000,11977,429.48408067125524
8000,0.999,1000,11977,429.1179391998255
8000,0.999,1000,11977,428.87175639203383
8000,0.999,1000,11977,429.53028334169977
8000,0.999,1000,11977,428.87175639203383
8000,0.999,1000,11977,428.87175639203383
8000,0.999,1000,11977,429.11793919982546
8000,0.999,1000,11977,428.87175639203383
8000,0.999,1000,11977,428.9816471722067
8000,0.999,1000,11977,429.48408067125524
8000,0.999,1000,11977,429.1179391998255
8000,0.999,1000,11977,428.87175639203383
8000,0.999,1000,11977,429.53028334169977
8000,0.999,1000,11977,428.87175639203383
8000,0.999,1000,11977,428.87175639203383
8000,0.999,1000,11977,429.11793919982546
8000,0.999,1000,11977,428.9816471722067
8000,0.999,1000,11977,428.9816471722067
8000,0.999,1000,11977,429.48408067125524
8000,0.999,1000,11977,429.1179391998255
8000,0.999,1000,11977,428.87175639203383
8000,0.999,1000,11977,429.53028334169977
8000,0.999,1000,11977,428.87175639203383
8000,0.999,1000,11977,428.87175639203383
8000,0.999,1000,11977,429.11793919982546
8000,0.999,1000,11977,428.9816471722067
8000,0.999,1000,11977,429.4840806712553
8000,0.999,1000,11977,429.48408067125524
8000,0.999,1000,11977,429.1179391998255
8000,0.999,1000,11977,428.87175639203383
8000,0.999,1000,11977,429.53028334169977
8000,0.999,1000,11977,428.87175639203383
8000,0.999,1000,11977,428.87175639203383
8000,0.999,1000,11977,429.11793919982546
8000,0.999,1000,11977,428.9816471722067
8000,0.999,1000,11977,429.4840806712553
8000,0.999,1000,11977,428.9816471722067
8000,0.999,1000,11977,429.1179391998255
8000,0.999,1000,11977,428.87175639203383
8000,0.999,1000,11977,429.53028334169977
8000,0.999,1000,11977,428.87175639203383
8000,0.999,1000,11977,428.87175639203383
8000,0.999,1000,11977,429.11793919982546
8000,0.999,1000,11977,428.9816471722067
8000,0.999,1000,11977,429.4840806712553
8000,0.999,1000,11977,428.9816471722067
8000,0.999,1000,11977,431.02660881650974
8000,0.999,1000,11977,428.87175639203383
8000,0.999,1000,11977,429.53028334169977
8000,0.999,1000,11977,428.87175639203383
8000,0.999,1000,11977,428.87175639203383
8000,0.999,1000,11977,429.11793919982546
8000,0.999,1000,11977,428.9816471722067
8000,0.999,1000,11977,429.4840806712553
8000,0.999,1000,11977,428.9816471722067
8000,0.999,1000,11977,431.02660881650974
8000,0.999,1000,11977,432.4802444084795
